cycle,task,method,instances,features,classes,accuracy,f1,optimization_time,prediction_time,no_features,best_trial
0,3,baseline,3196,36,2,0.908237747653806,0.9074405545318944,7.152557373046875e-07,0.16010618209838867,36,0
0,3,intercorrelation_filter,3196,36,2,0.908237747653806,0.9074405545318944,0.028703927993774414,0.13111519813537598,36,0
0,3,correlation_weighting,3196,36,2,0.9426485922836287,0.9425045537439896,0.028703927993774414,0.14905691146850586,36,0
0,3,tree_based_filter,3196,36,2,0.7320125130344108,0.7258308350344014,0.16301274299621582,0.1291799545288086,18,0
0,3,tree_based_weighting,3196,36,2,0.7247132429614181,0.7205538238748244,0.16301274299621582,0.14870429039001465,18,0
0,3,l1filter,3196,36,2,0.9176225234619395,0.9174789588282516,0.009895801544189453,0.12826275825500488,19,0
0,3,relieff,3196,36,2,0.8571428571428571,0.8559846977644048,0.26189160346984863,0.14346623420715332,27,0
0,3,relieff_weighting,3196,36,2,0.8696558915537018,0.868787879119568,0.26189160346984863,0.15321612358093262,27,0
0,3,forward_selection,3196,36,2,0.935349322210636,0.9351800976800977,6.038457632064819,0.056168556213378906,4,0
0,3,backwards_selection,3196,36,2,0.913451511991658,0.9128450060824653,6.62948203086853,0.13537859916687012,35,0
0,3,stepwise_selection,3196,36,2,0.894681960375391,0.8934286170113273,13.092249155044556,0.13412737846374512,21,0
0,3,bayesselection,3196,36,2,0.9249217935349322,0.9247843137254902,81.92771220207214,0.09410810470581055,15,199
0,3,bayeswweighting,3196,36,2,0.9332638164754953,0.9329558165548097,242.64248061180115,0.16475677490234375,36,757
1,3,baseline,3196,36,2,0.8873826903023984,0.885908790482485,4.76837158203125e-07,0.14413690567016602,36,0
1,3,intercorrelation_filter,3196,36,2,0.8873826903023984,0.885908790482485,0.028614282608032227,0.1459059715270996,36,0
1,3,correlation_weighting,3196,36,2,0.9301355578727841,0.9296703032080884,0.028614282608032227,0.16887760162353516,36,0
1,3,tree_based_filter,3196,36,2,0.7236704900938478,0.7149217516941366,0.16475391387939453,0.1230933666229248,18,0
1,3,tree_based_weighting,3196,36,2,0.7320125130344108,0.7251067114146358,0.16475391387939453,0.16442632675170898,18,0
1,3,l1filter,3196,36,2,0.894681960375391,0.8940163364901166,0.008333206176757812,0.1320204734802246,20,0
1,3,relieff,3196,36,2,0.8362877997914494,0.8336836849552791,0.26200342178344727,0.14768624305725098,27,0
1,3,relieff_weighting,3196,36,2,0.8602711157455682,0.8589445815295182,0.26200342178344727,0.1602344512939453,27,0
1,3,forward_selection,3196,36,2,0.9249217935349322,0.9244346387203529,5.324150562286377,0.052254438400268555,4,0
1,3,backwards_selection,3196,36,2,0.8936392075078207,0.8923486996178973,9.430947303771973,0.14224696159362793,34,0
1,3,stepwise_selection,3196,36,2,0.8696558915537018,0.86849769795553,6.353872776031494,0.14061498641967773,19,0
1,3,bayesselection,3196,36,2,0.908237747653806,0.9077029415367386,85.34349513053894,0.14229297637939453,22,137
1,3,bayeswweighting,3196,36,2,0.9436913451511991,0.9433259790402648,259.0201575756073,0.16033029556274414,36,991
2,3,baseline,3196,36,2,0.9144942648592284,0.914191123836793,4.76837158203125e-07,0.13251328468322754,36,0
2,3,intercorrelation_filter,3196,36,2,0.9144942648592284,0.914191123836793,0.0299985408782959,0.14825034141540527,36,0
2,3,correlation_weighting,3196,36,2,0.9416058394160584,0.941476980480703,0.0299985408782959,0.17136096954345703,36,0
2,3,tree_based_filter,3196,36,2,0.7518248175182481,0.7460184987358901,0.16626930236816406,0.13192057609558105,18,0
2,3,tree_based_weighting,3196,36,2,0.7549530761209593,0.7514406877802102,0.16626930236816406,0.15083837509155273,18,0
2,3,l1filter,3196,36,2,0.9040667361835245,0.9038357573855116,0.010433673858642578,0.1446371078491211,19,0
2,3,relieff,3196,36,2,0.8550573514077163,0.8543249218354703,0.2625565528869629,0.1522235870361328,27,0
2,3,relieff_weighting,3196,36,2,0.8717413972888426,0.87139179725703,0.2625565528869629,0.15527105331420898,27,0
2,3,forward_selection,3196,36,2,0.9374348279457768,0.9373202614379086,5.2522711753845215,0.059534549713134766,4,0
2,3,backwards_selection,3196,36,2,0.9155370177267987,0.9150582232637177,13.005865097045898,0.14603734016418457,33,0
2,3,stepwise_selection,3196,36,2,0.908237747653806,0.9081009504395021,13.619726181030273,0.16697907447814941,21,0
2,3,bayesselection,3196,36,2,0.9395203336809176,0.939517111192303,73.41412901878357,0.09068179130554199,12,381
2,3,bayeswweighting,3196,36,2,0.954118873826903,0.953944553590919,245.7604775428772,0.16683602333068848,36,998
0,11,baseline,625,4,3,0.8563829787234043,0.5950171082016924,2.384185791015625e-07,0.013495683670043945,4,0
0,11,intercorrelation_filter,625,4,3,0.8563829787234043,0.5950171082016924,0.0032215118408203125,0.011330127716064453,4,0
0,11,correlation_weighting,625,4,3,0.8829787234042553,0.6131368937998772,0.0032215118408203125,0.012688159942626953,4,0
0,11,tree_based_filter,625,4,3,0.8563829787234043,0.5950171082016924,0.10881710052490234,0.011497020721435547,4,0
0,11,tree_based_weighting,625,4,3,0.8723404255319149,0.6057499488438715,0.10881710052490234,0.012782573699951172,4,0
0,11,l1filter,625,4,3,0.8563829787234043,0.5950171082016924,0.0024645328521728516,0.011059284210205078,4,0
0,11,relieff,625,4,3,0.7659574468085106,0.5315142910056176,0.0241239070892334,0.010971307754516602,3,0
0,11,relieff_weighting,625,4,3,0.7819148936170213,0.5429430904291239,0.0241239070892334,0.01269841194152832,3,0
0,11,forward_selection,625,4,3,0.8563829787234043,0.5950171082016924,0.20996308326721191,0.01694202423095703,4,0
0,11,backwards_selection,625,4,3,0.7180851063829787,0.49815430047988185,0.06978678703308105,0.012795209884643555,3,0
0,11,stepwise_selection,625,4,3,0.8563829787234043,0.5950171082016924,0.037924766540527344,0.011355400085449219,4,0
0,11,bayesselection,625,4,3,0.8563829787234043,0.5950171082016924,1.4760792255401611,0.010918140411376953,4,7
0,11,bayeswweighting,625,4,3,0.8882978723404256,0.6167587476979742,4.085710048675537,0.012390375137329102,4,149
0,14,baseline,2000,76,10,0.75,0.749197253375365,2.384185791015625e-07,0.10049629211425781,76,0
0,14,intercorrelation_filter,2000,76,10,0.75,0.749197253375365,0.08293032646179199,0.08994817733764648,76,0
0,14,correlation_weighting,2000,76,10,0.7866666666666666,0.7828620407309715,0.08293032646179199,0.15126967430114746,76,0
0,14,tree_based_filter,2000,76,10,0.7083333333333334,0.7015732942630952,0.6068689823150635,0.07971835136413574,38,0
0,14,tree_based_weighting,2000,76,10,0.7483333333333333,0.7472525260165528,0.6068689823150635,0.12019467353820801,38,0
0,14,l1filter,2000,76,10,0.7733333333333333,0.7706818937558412,0.05624246597290039,0.07844758033752441,49,0
0,14,relieff,2000,76,10,0.7683333333333333,0.767289707475307,0.2564811706542969,0.07369565963745117,57,0
0,14,relieff_weighting,2000,76,10,0.105,0.019004524886877826,0.2564811706542969,0.11003661155700684,57,0
0,14,forward_selection,2000,76,10,0.8,0.7964099434337788,12.466938972473145,0.030871152877807617,8,0
0,14,backwards_selection,2000,76,10,0.7516666666666667,0.7510139290946063,8.819025754928589,0.08814144134521484,75,0
0,14,stepwise_selection,2000,76,10,0.7516666666666667,0.7482912421386401,24.309171199798584,0.09058022499084473,41,0
0,14,bayesselection,2000,76,10,0.7866666666666666,0.7826318025131725,129.776433467865,0.07849860191345215,36,263
0,14,bayeswweighting,2000,76,10,0.755,0.7508713114478996,387.8748641014099,0.11803388595581055,76,738
0,15,baseline,683,9,2,0.975609756097561,0.9725943156600092,2.384185791015625e-07,0.012859582901000977,9,0
0,15,intercorrelation_filter,683,9,2,0.9804878048780488,0.978154305200341,0.004998922348022461,0.012117147445678711,8,0
0,15,correlation_weighting,683,9,2,0.9804878048780488,0.978154305200341,0.004998922348022461,0.014662027359008789,8,0
0,15,tree_based_filter,683,9,2,0.9853658536585366,0.9836735777429717,0.1070699691772461,0.01241159439086914,5,0
0,15,tree_based_weighting,683,9,2,0.9804878048780488,0.978154305200341,0.1070699691772461,0.013712406158447266,5,0
0,15,l1filter,683,9,2,0.9804878048780488,0.978154305200341,0.0031812191009521484,0.011563777923583984,8,0
0,15,relieff,683,9,2,0.9609756097560975,0.956308610400682,0.02765941619873047,0.012207508087158203,6,0
0,15,relieff_weighting,683,9,2,0.9560975609756097,0.9503030303030304,0.02765941619873047,0.014562845230102539,6,0
0,15,forward_selection,683,9,2,0.9707317073170731,0.9669922713610992,0.34670233726501465,0.01136159896850586,3,0
0,15,backwards_selection,683,9,2,0.975609756097561,0.9725943156600092,0.17602062225341797,0.011968135833740234,8,0
0,15,stepwise_selection,683,9,2,0.975609756097561,0.9725943156600092,0.1715238094329834,0.011591434478759766,5,0
0,15,bayesselection,683,9,2,0.975609756097561,0.9725943156600092,6.009542465209961,0.011806964874267578,8,48
0,15,bayeswweighting,683,9,2,0.9658536585365853,0.9616320419240127,17.237847089767456,0.015094518661499023,9,118
0,16,baseline,2000,64,10,0.915,0.9121143565372589,4.76837158203125e-07,0.08303332328796387,64,0
0,16,intercorrelation_filter,2000,64,10,0.915,0.9121143565372589,0.0646965503692627,0.09874796867370605,64,0
0,16,correlation_weighting,2000,64,10,0.9066666666666666,0.904887149082002,0.0646965503692627,0.13280439376831055,64,0
0,16,tree_based_filter,2000,64,10,0.8633333333333333,0.8615373591249474,0.6010878086090088,0.09647321701049805,32,0
0,16,tree_based_weighting,2000,64,10,0.8416666666666667,0.8401213933321425,0.6010878086090088,0.12143111228942871,32,0
0,16,l1filter,2000,64,10,0.925,0.9233153799824828,0.05108284950256348,0.07739543914794922,58,0
0,16,relieff,2000,64,10,0.9116666666666666,0.9102132041730489,0.22620701789855957,0.09807348251342773,48,0
0,16,relieff_weighting,2000,64,10,0.09833333333333333,0.017905918057663124,0.22620701789855957,0.11745834350585938,48,0
0,16,forward_selection,2000,64,10,0.8916666666666667,0.8893251936472586,10.612988710403442,0.026531219482421875,8,0
0,16,backwards_selection,2000,64,10,0.9083333333333333,0.9060930403017672,7.235781669616699,0.08761191368103027,63,0
0,16,stepwise_selection,2000,64,10,0.895,0.8927862190972871,7.02467942237854,0.08611440658569336,31,0
0,16,bayesselection,2000,64,10,0.9116666666666666,0.9095520257784229,115.77562189102173,0.09555602073669434,35,286
0,16,bayeswweighting,2000,64,10,0.925,0.9231105476062098,336.9672198295593,0.11115193367004395,64,711
0,18,baseline,2000,6,10,0.7066666666666667,0.7011597742682089,4.76837158203125e-07,0.0253143310546875,6,0
0,18,intercorrelation_filter,2000,6,10,0.7033333333333334,0.6956768363783083,0.0042917728424072266,0.02375936508178711,4,0
0,18,correlation_weighting,2000,6,10,0.7033333333333334,0.6955335375445263,0.0042917728424072266,0.026061296463012695,4,0
0,18,tree_based_filter,2000,6,10,0.6716666666666666,0.6622597365385252,0.1922602653503418,0.022225379943847656,3,0
0,18,tree_based_weighting,2000,6,10,0.6816666666666666,0.6740310517570322,0.1922602653503418,0.02239537239074707,3,0
0,18,l1filter,2000,6,10,0.7066666666666667,0.7011597742682089,0.008855104446411133,0.02426004409790039,6,0
0,18,relieff,2000,6,10,0.6916666666666667,0.687241722153573,0.0746619701385498,0.02351093292236328,4,0
0,18,relieff_weighting,2000,6,10,0.45,0.33965570707869597,0.0746619701385498,0.02504873275756836,4,0
0,18,forward_selection,2000,6,10,0.69,0.6883053275893537,0.5785212516784668,0.023794174194335938,5,0
0,18,backwards_selection,2000,6,10,0.7033333333333334,0.6974748888295106,0.18033313751220703,0.022542953491210938,5,0
0,18,stepwise_selection,2000,6,10,0.7033333333333334,0.6956768363783083,0.1959233283996582,0.023162126541137695,4,0
0,18,bayesselection,2000,6,10,0.7066666666666667,0.7011597742682089,3.711364269256592,0.024288654327392578,6,2
0,18,bayeswweighting,2000,6,10,0.73,0.7252373235380686,10.10466742515564,0.025693893432617188,6,164
0,22,baseline,2000,47,10,0.7866666666666666,0.7795150842666383,2.384185791015625e-07,0.07470154762268066,47,0
0,22,intercorrelation_filter,2000,47,10,0.7866666666666666,0.7764023800316433,0.04591226577758789,0.08767962455749512,28,0
0,22,correlation_weighting,2000,47,10,0.7516666666666667,0.73507146533755,0.04591226577758789,0.12871694564819336,28,0
0,22,tree_based_filter,2000,47,10,0.71,0.7011947553854283,0.5115158557891846,0.07724642753601074,23,0
0,22,tree_based_weighting,2000,47,10,0.735,0.7275863256073626,0.5115158557891846,0.09834551811218262,23,0
0,22,l1filter,2000,47,10,0.8066666666666666,0.7987913488407765,0.09982466697692871,0.08723330497741699,40,0
0,22,relieff,2000,47,10,0.7733333333333333,0.7653561123011798,0.1800832748413086,0.08784937858581543,35,0
0,22,relieff_weighting,2000,47,10,0.77,0.7609381971118176,0.1800832748413086,0.1300039291381836,35,0
0,22,forward_selection,2000,47,10,0.7433333333333333,0.7342647534561572,6.870591640472412,0.0310671329498291,7,0
0,22,backwards_selection,2000,47,10,0.7883333333333333,0.7795230922156486,4.969621658325195,0.08222055435180664,46,0
0,22,stepwise_selection,2000,47,10,0.77,0.7619631676317834,4.565437078475952,0.08060240745544434,22,0
0,22,bayesselection,2000,47,10,0.7866666666666666,0.7787357134122215,91.13613986968994,0.08148574829101562,27,219
0,22,bayeswweighting,2000,47,10,0.8033333333333333,0.7922256178505978,265.1510453224182,0.136091947555542,47,934
0,23,baseline,1473,9,3,0.5542986425339367,0.5412143868682762,4.76837158203125e-07,0.02496051788330078,9,0
0,23,intercorrelation_filter,1473,9,3,0.5542986425339367,0.5412143868682762,0.005145549774169922,0.024557828903198242,9,0
0,23,correlation_weighting,1473,9,3,0.5090497737556561,0.49576906104994145,0.005145549774169922,0.024606704711914062,9,0
0,23,tree_based_filter,1473,9,3,0.4343891402714932,0.4007615029134017,0.15245270729064941,0.020380735397338867,5,0
0,23,tree_based_weighting,1473,9,3,0.4638009049773756,0.4204260386984271,0.15245270729064941,0.019547224044799805,5,0
0,23,l1filter,1473,9,3,0.5452488687782805,0.5311523758892179,0.003406524658203125,0.021902084350585938,7,0
0,23,relieff,1473,9,3,0.5180995475113123,0.5100290641886568,0.058936119079589844,0.021164417266845703,6,0
0,23,relieff_weighting,1473,9,3,0.5565610859728507,0.5418049124975247,0.058936119079589844,0.02093648910522461,6,0
0,23,forward_selection,1473,9,3,0.5339366515837104,0.4978131027032797,0.576063871383667,0.0175626277923584,4,0
0,23,backwards_selection,1473,9,3,0.5723981900452488,0.5583159167685371,0.5235364437103271,0.019627809524536133,5,0
0,23,stepwise_selection,1473,9,3,0.5723981900452488,0.5583159167685371,0.7661902904510498,0.01975226402282715,5,0
0,23,bayesselection,1473,9,3,0.5723981900452488,0.5613715166113437,6.863834381103516,0.018538475036621094,4,125
0,23,bayeswweighting,1473,9,3,0.5656108597285068,0.5504991810365066,18.63028907775879,0.022292613983154297,9,111
0,28,baseline,5620,64,10,0.951985773562537,0.9519056122311966,2.384185791015625e-07,0.23640871047973633,64,0
0,28,intercorrelation_filter,5620,64,10,0.951985773562537,0.9518788913537243,0.10489916801452637,0.25640296936035156,63,0
0,28,correlation_weighting,5620,64,10,0.9235328986366331,0.9230796275677517,0.10489916801452637,0.24343132972717285,63,0
0,28,tree_based_filter,5620,64,10,0.8974510966212211,0.8963798870462965,0.4834167957305908,0.2283918857574463,32,0
0,28,tree_based_weighting,5620,64,10,0.9004149377593361,0.8979802877284669,0.4834167957305908,0.2503049373626709,32,0
0,28,l1filter,5620,64,10,0.9543568464730291,0.9544073215788756,0.3558335304260254,0.2418227195739746,53,0
0,28,relieff,5620,64,10,0.919976289270895,0.9197719243753836,1.1307382583618164,0.23490309715270996,48,0
0,28,relieff_weighting,5620,64,10,0.8950800237107291,0.8948902716679674,1.1307382583618164,0.24534368515014648,48,0
0,28,forward_selection,5620,64,10,0.9134558387670421,0.9122071916399621,52.052924156188965,0.14581537246704102,11,0
0,28,backwards_selection,5620,64,10,0.9537640782454061,0.9536423031054035,20.72163438796997,0.23307561874389648,63,0
0,28,stepwise_selection,5620,64,10,0.945465323058684,0.9452329348705423,29.909497499465942,0.2276909351348877,34,0
0,28,bayesselection,5620,64,10,0.9342027267338471,0.9336843206195633,144.02351069450378,0.2330188751220703,30,198
0,28,bayeswweighting,5620,64,10,0.967397747480735,0.9671777650515361,408.6248562335968,0.2889096736907959,64,556
0,29,baseline,653,15,2,0.8316326530612245,0.8254109644505628,4.76837158203125e-07,0.013891935348510742,15,0
0,29,intercorrelation_filter,653,15,2,0.826530612244898,0.8204741379310345,0.006920576095581055,0.013525009155273438,14,0
0,29,correlation_weighting,653,15,2,0.8469387755102041,0.8441971383147854,0.006920576095581055,0.01670551300048828,14,0
0,29,tree_based_filter,653,15,2,0.7040816326530612,0.6949006977992487,0.11638617515563965,0.012727737426757812,7,0
0,29,tree_based_weighting,653,15,2,0.7244897959183674,0.7169448010269577,0.11638617515563965,0.01432180404663086,7,0
0,29,l1filter,653,15,2,0.8367346938775511,0.8280701754385965,0.0027031898498535156,0.011401653289794922,4,0
0,29,relieff,653,15,2,0.8520408163265306,0.8491787619072889,0.02660393714904785,0.012701034545898438,11,0
0,29,relieff_weighting,653,15,2,0.8520408163265306,0.8495938186340662,0.02660393714904785,0.016278505325317383,11,0
0,29,forward_selection,653,15,2,0.8571428571428571,0.8564102564102565,0.2822418212890625,0.011163473129272461,1,0
0,29,backwards_selection,653,15,2,0.8520408163265306,0.8471673254281951,0.28360748291015625,0.01306605339050293,14,0
0,29,stepwise_selection,653,15,2,0.8520408163265306,0.8477241674926996,0.29099106788635254,0.012520313262939453,8,0
0,29,bayesselection,653,15,2,0.8520408163265306,0.8503225806451613,16.22545886039734,0.012491941452026367,6,30
0,29,bayeswweighting,653,15,2,0.8367346938775511,0.8342494714587738,46.45930218696594,0.017594337463378906,15,131
0,31,baseline,1000,20,2,0.74,0.5531281032770605,2.384185791015625e-07,0.036687374114990234,20,0
0,31,intercorrelation_filter,1000,20,2,0.74,0.5531281032770605,0.02013373374938965,0.07074737548828125,20,0
0,31,correlation_weighting,1000,20,2,0.8,0.6875,0.02013373374938965,0.05920720100402832,20,0
0,31,tree_based_filter,1000,20,2,0.7333333333333333,0.5121554597934791,0.17666172981262207,0.0182650089263916,10,0
0,31,tree_based_weighting,1000,20,2,0.7266666666666667,0.5302115957528072,0.17666172981262207,0.019475460052490234,10,0
0,31,l1filter,1000,20,2,0.7666666666666667,0.644212523719165,0.0032775402069091797,0.017853736877441406,9,0
0,31,relieff,1000,20,2,0.74,0.5885786623531895,0.044408559799194336,0.01718282699584961,15,0
0,31,relieff_weighting,1000,20,2,0.71,0.5191510528933841,0.044408559799194336,0.025418519973754883,15,0
0,31,forward_selection,1000,20,2,0.7166666666666667,0.6059889676910954,0.6867659091949463,0.014781475067138672,2,0
0,31,backwards_selection,1000,20,2,0.7333333333333333,0.5668182802685726,0.8134765625,0.02770543098449707,18,0
0,31,stepwise_selection,1000,20,2,0.7333333333333333,0.5199999999999999,0.560429573059082,0.015605449676513672,9,0
0,31,bayesselection,1000,20,2,0.7566666666666667,0.6511350059737157,31.85218858718872,0.0161893367767334,9,159
0,31,bayeswweighting,1000,20,2,0.77,0.6554077674751544,95.14097356796265,0.04071640968322754,20,850
0,32,baseline,10992,16,10,0.9675560946027896,0.9677356267953694,4.76837158203125e-07,0.6480340957641602,16,0
0,32,intercorrelation_filter,10992,16,10,0.9675560946027896,0.9677356267953694,0.02002239227294922,0.6072006225585938,16,0
0,32,correlation_weighting,10992,16,10,0.9278350515463918,0.9280261465306319,0.02002239227294922,0.6385507583618164,16,0
0,32,tree_based_filter,10992,16,10,0.8574893875075803,0.8577454377078058,0.8296170234680176,0.15886330604553223,8,0
0,32,tree_based_weighting,10992,16,10,0.8568829593693147,0.8565712415812063,0.8296170234680176,0.14612579345703125,8,0
0,32,l1filter,10992,16,10,0.9675560946027896,0.9677356267953694,0.8728923797607422,0.5993680953979492,16,0
0,32,relieff,10992,16,10,0.957550030321407,0.9578789405039985,0.6703019142150879,0.21812701225280762,12,0
0,32,relieff_weighting,10992,16,10,0.9484536082474226,0.9488464724113751,0.6703019142150879,0.20749592781066895,12,0
0,32,forward_selection,10992,16,10,0.9466343238326258,0.9466886656645883,15.203075885772705,0.1729753017425537,9,0
0,32,backwards_selection,10992,16,10,0.9663432383262583,0.9663424213992495,6.518022298812866,0.3151412010192871,15,0
0,32,stepwise_selection,10992,16,10,0.9490600363856883,0.9487233904665189,6.572944641113281,0.23342370986938477,10,0
0,32,bayesselection,10992,16,10,0.962098241358399,0.9621299665102991,72.26753902435303,0.33397793769836426,13,99
0,32,bayeswweighting,10992,16,10,0.9636143117040631,0.9636902799420592,348.94543647766113,0.5807688236236572,16,643
0,37,baseline,768,8,2,0.7619047619047619,0.7378304203380038,4.76837158203125e-07,0.013513565063476562,8,0
0,37,intercorrelation_filter,768,8,2,0.7619047619047619,0.7378304203380038,0.004515886306762695,0.013915538787841797,8,0
0,37,correlation_weighting,768,8,2,0.7705627705627706,0.7473638595984401,0.004515886306762695,0.01565837860107422,8,0
0,37,tree_based_filter,768,8,2,0.7186147186147186,0.684459388462751,0.12822270393371582,0.012761354446411133,4,0
0,37,tree_based_weighting,768,8,2,0.7272727272727273,0.6979263964132263,0.12822270393371582,0.014119148254394531,4,0
0,37,l1filter,768,8,2,0.7705627705627706,0.7458745874587458,0.0026988983154296875,0.012360334396362305,4,0
0,37,relieff,768,8,2,0.7142857142857143,0.6764431239388794,0.030424118041992188,0.013096094131469727,6,0
0,37,relieff_weighting,768,8,2,0.6320346320346321,0.5590117911285795,0.030424118041992188,0.014679670333862305,6,0
0,37,forward_selection,768,8,2,0.7272727272727273,0.6857142857142857,0.16445446014404297,0.012317895889282227,1,0
0,37,backwards_selection,768,8,2,0.7878787878787878,0.7664307381193125,0.21998000144958496,0.012699604034423828,6,0
0,37,stepwise_selection,768,8,2,0.7575757575757576,0.7290095525389642,0.16448283195495605,0.012592554092407227,5,0
0,37,bayesselection,768,8,2,0.7662337662337663,0.7461331813741452,5.163773775100708,0.012517452239990234,4,110
0,37,bayeswweighting,768,8,2,0.7489177489177489,0.7273282318463041,13.992286920547485,0.01572442054748535,8,337
0,43,baseline,4601,57,2,0.8863142650253439,0.8784151695465096,7.152557373046875e-07,0.18760085105895996,57,0
0,43,intercorrelation_filter,4601,57,2,0.8863142650253439,0.8784151695465096,0.07462143898010254,0.21331048011779785,55,0
0,43,correlation_weighting,4601,57,2,0.8747284576393918,0.864813541675508,0.07462143898010254,0.23488593101501465,55,0
0,43,tree_based_filter,4601,57,2,0.8566256335988415,0.849963785610816,0.38955187797546387,0.20616745948791504,28,0
0,43,tree_based_weighting,4601,57,2,0.8660391020999276,0.858736069756962,0.38955187797546387,0.20684409141540527,28,0
0,43,l1filter,4601,57,2,0.88848660391021,0.8805008900316456,0.017948627471923828,0.21713542938232422,41,0
0,43,relieff,4601,57,2,0.8501086169442433,0.8396938859625954,0.6195197105407715,0.21702957153320312,42,0
0,43,relieff_weighting,4601,57,2,0.8508327299058653,0.8404052167903096,0.6195197105407715,0.2199535369873047,42,0
0,43,forward_selection,4601,57,2,0.8935553946415641,0.8876741889166466,15.869450092315674,0.06814146041870117,5,0
0,43,backwards_selection,4601,57,2,0.8899348298334541,0.8826987469209483,15.030348539352417,0.17808055877685547,56,0
0,43,stepwise_selection,4601,57,2,0.8769007965242578,0.8689080228714374,21.48810076713562,0.18908238410949707,28,0
0,43,bayesselection,4601,57,2,0.8834178131788559,0.8762666693378789,124.01270031929016,0.2094886302947998,29,239
0,43,bayeswweighting,4601,57,2,0.9051412020275162,0.8993966949180348,350.5091452598572,0.2076857089996338,57,941
0,45,baseline,3190,60,3,0.8557993730407524,0.8394589139900845,4.76837158203125e-07,0.12064075469970703,60,0
0,45,intercorrelation_filter,3190,60,3,0.8557993730407524,0.8394589139900845,0.06149935722351074,0.13466739654541016,60,0
0,45,correlation_weighting,3190,60,3,0.8746081504702194,0.8661472251941342,0.06149935722351074,0.1498851776123047,60,0
0,45,tree_based_filter,3190,60,3,0.7408568443051202,0.7041946300384234,0.2576773166656494,0.1550312042236328,30,0
0,45,tree_based_weighting,3190,60,3,0.786833855799373,0.7637305591792067,0.2576773166656494,0.1287860870361328,30,0
0,45,l1filter,3190,60,3,0.8704284221525601,0.8564173070880384,0.01871013641357422,0.14540553092956543,32,0
0,45,relieff,3190,60,3,0.8620689655172413,0.8485751821873458,0.45096588134765625,0.1450347900390625,45,0
0,45,relieff_weighting,3190,60,3,0.8484848484848485,0.8347447920807279,0.45096588134765625,0.13680171966552734,45,0
0,45,forward_selection,3190,60,3,0.8495297805642633,0.8360360687155582,7.605093002319336,0.040436506271362305,4,0
0,45,backwards_selection,3190,60,3,0.8589341692789969,0.8429662985265777,10.943451881408691,0.13768911361694336,59,0
0,45,stepwise_selection,3190,60,3,0.8537095088819227,0.8384351886594033,31.998097896575928,0.13673162460327148,33,0
0,45,bayesselection,3190,60,3,0.8662486938349008,0.8474728908325462,114.97033286094666,0.14754080772399902,36,272
0,45,bayeswweighting,3190,60,3,0.8662486938349008,0.8530727434679246,334.1653037071228,0.16339588165283203,60,866
0,49,baseline,958,9,2,0.7256944444444444,0.5708384419503915,7.152557373046875e-07,0.01732468605041504,9,0
0,49,intercorrelation_filter,958,9,2,0.7256944444444444,0.5708384419503915,0.004786252975463867,0.016848325729370117,9,0
0,49,correlation_weighting,958,9,2,0.7465277777777778,0.6899800928998009,0.004786252975463867,0.018110990524291992,9,0
0,49,tree_based_filter,958,9,2,0.6527777777777778,0.5235259082787374,0.11965751647949219,0.013959884643554688,4,0
0,49,tree_based_weighting,958,9,2,0.6805555555555556,0.5779547626632685,0.11965751647949219,0.014911890029907227,4,0
0,49,l1filter,958,9,2,0.7048611111111112,0.6488762030436467,0.0025527477264404297,0.012904167175292969,3,0
0,49,relieff,958,9,2,0.7951388888888888,0.7305551591265876,0.037819862365722656,0.014539480209350586,6,0
0,49,relieff_weighting,958,9,2,0.7743055555555556,0.7004560364829187,0.037819862365722656,0.01646280288696289,6,0
0,49,forward_selection,958,9,2,0.6875,0.4074074074074074,0.18642044067382812,0.012797117233276367,1,0
0,49,backwards_selection,958,9,2,0.7395833333333334,0.6444034703587245,0.18805527687072754,0.015906333923339844,8,0
0,49,stepwise_selection,958,9,2,0.7083333333333334,0.618085375094721,0.28342270851135254,0.013149023056030273,4,0
0,49,bayesselection,958,9,2,0.6770833333333334,0.6357652818385802,6.361793041229248,0.013509750366210938,4,39
0,49,bayeswweighting,958,9,2,0.7777777777777778,0.7272081458678665,16.868103504180908,0.01725149154663086,9,425
0,53,baseline,846,18,4,0.7244094488188977,0.7101406324692019,2.384185791015625e-07,0.030549287796020508,18,0
0,53,intercorrelation_filter,846,18,4,0.6377952755905512,0.6185564419859836,0.018117427825927734,0.052576541900634766,7,0
0,53,correlation_weighting,846,18,4,0.5708661417322834,0.5511608651442472,0.018117427825927734,0.015340089797973633,7,0
0,53,tree_based_filter,846,18,4,0.6377952755905512,0.6223893977273296,0.15122079849243164,0.014303922653198242,9,0
0,53,tree_based_weighting,846,18,4,0.6811023622047244,0.6616718270144288,0.15122079849243164,0.01639270782470703,9,0
0,53,l1filter,846,18,4,0.6968503937007874,0.6798555497738801,0.0038840770721435547,0.014382123947143555,11,0
0,53,relieff,846,18,4,0.6889763779527559,0.6758302746818616,0.03585195541381836,0.01529836654663086,13,0
0,53,relieff_weighting,846,18,4,0.7007874015748031,0.6754634138935409,0.03585195541381836,0.018180370330810547,13,0
0,53,forward_selection,846,18,4,0.7401574803149606,0.7023985438815907,0.711390495300293,0.012492656707763672,3,0
0,53,backwards_selection,846,18,4,0.7204724409448819,0.7070904527615227,0.4040236473083496,0.02734231948852539,17,0
0,53,stepwise_selection,846,18,4,0.6771653543307087,0.6534441916851421,0.9875690937042236,0.013925313949584961,9,0
0,53,bayesselection,846,18,4,0.7204724409448819,0.7125370453524922,23.122013092041016,0.014150857925415039,10,239
0,53,bayeswweighting,846,18,4,0.6811023622047244,0.6629021553620825,68.97934412956238,0.03318905830383301,18,594
0,2074,baseline,6430,36,6,0.8626231207879731,0.839153517925752,4.76837158203125e-07,0.31836366653442383,36,0
0,2074,intercorrelation_filter,6430,36,6,0.744945567651633,0.7445421356918401,0.045468807220458984,0.11153268814086914,10,0
0,2074,correlation_weighting,6430,36,6,0.7433903576982893,0.7384048495588572,0.045468807220458984,0.09647178649902344,10,0
0,2074,tree_based_filter,6430,36,6,0.8118195956454122,0.7898617680020603,0.7072880268096924,0.30029797554016113,18,0
0,2074,tree_based_weighting,6430,36,6,0.8107827890098497,0.7893996789844683,0.7072880268096924,0.3144252300262451,18,0
0,2074,l1filter,6430,36,6,0.864696734059098,0.8408947674997306,0.5941808223724365,0.29539060592651367,34,0
0,2074,relieff,6430,36,6,0.8615863141524106,0.8355738515903542,0.5306744575500488,0.2892754077911377,27,0
0,2074,relieff_weighting,6430,36,6,0.8501814411612234,0.821344473389484,0.5306744575500488,0.28315138816833496,27,0
0,2074,forward_selection,6430,36,6,0.8455158113011924,0.81466806079976,6.199186325073242,0.06355953216552734,3,0
0,2074,backwards_selection,6430,36,6,0.8595127008812856,0.8348566337847539,13.021041870117188,0.28861474990844727,35,0
0,2074,stepwise_selection,6430,36,6,0.8641783307413168,0.841357879152115,13.011556148529053,0.2852649688720703,17,0
0,2074,bayesselection,6430,36,6,0.8512182477967859,0.8264156984246487,115.61725521087646,0.29686832427978516,23,139
0,2074,bayeswweighting,6430,36,6,0.8657335406946605,0.8411250760896433,317.0955994129181,0.30062103271484375,36,834
0,2079,baseline,641,19,5,0.44559585492227977,0.39335240396283677,4.76837158203125e-07,0.014819860458374023,19,0
0,2079,intercorrelation_filter,641,19,5,0.48704663212435234,0.42023353290969273,0.008108377456665039,0.013479232788085938,16,0
0,2079,correlation_weighting,641,19,5,0.5751295336787565,0.5510026685977124,0.008108377456665039,0.018529415130615234,16,0
0,2079,tree_based_filter,641,19,5,0.40414507772020725,0.36790644744804335,0.13280701637268066,0.012978076934814453,9,0
0,2079,tree_based_weighting,641,19,5,0.40932642487046633,0.35887103907543155,0.13280701637268066,0.01462244987487793,9,0
0,2079,l1filter,641,19,5,0.49740932642487046,0.4503138627361617,0.0033445358276367188,0.01129150390625,7,0
0,2079,relieff,641,19,5,0.5181347150259067,0.4542251216275984,0.026720046997070312,0.01375579833984375,14,0
0,2079,relieff_weighting,641,19,5,0.538860103626943,0.49569007666646553,0.026720046997070312,0.0233001708984375,14,0
0,2079,forward_selection,641,19,5,0.5025906735751295,0.49490138034224185,0.556535005569458,0.010858535766601562,2,0
0,2079,backwards_selection,641,19,5,0.44559585492227977,0.39206244683105845,0.381486177444458,0.013259410858154297,18,0
0,2079,stepwise_selection,641,19,5,0.46632124352331605,0.43028450031204885,0.5425703525543213,0.012495040893554688,11,0
0,2079,bayesselection,641,19,5,0.5181347150259067,0.47296338657213655,26.281736135482788,0.012195348739624023,7,128
0,2079,bayeswweighting,641,19,5,0.49740932642487046,0.44770456841396344,76.11405563354492,0.01976156234741211,19,312
0,3022,baseline,990,12,11,0.531986531986532,0.5205075500096767,2.384185791015625e-07,0.016954898834228516,12,0
0,3022,intercorrelation_filter,990,12,11,0.531986531986532,0.5205075500096767,0.005769252777099609,0.01801013946533203,12,0
0,3022,correlation_weighting,990,12,11,0.6936026936026936,0.681525072802452,0.005769252777099609,0.018595218658447266,12,0
0,3022,tree_based_filter,990,12,11,0.45791245791245794,0.454612293443884,0.17972135543823242,0.015279531478881836,6,0
0,3022,tree_based_weighting,990,12,11,0.5084175084175084,0.4972541395738841,0.17972135543823242,0.016059398651123047,6,0
0,3022,l1filter,990,12,11,0.6094276094276094,0.5986163122635587,0.0041828155517578125,0.01636672019958496,8,0
0,3022,relieff,990,12,11,0.5286195286195287,0.5322183995409582,0.03990626335144043,0.01551508903503418,9,0
0,3022,relieff_weighting,990,12,11,0.12794612794612795,0.12911416489044966,0.03990626335144043,0.01683807373046875,9,0
0,3022,forward_selection,990,12,11,0.6094276094276094,0.6032396073856952,1.0287342071533203,0.014053583145141602,7,0
0,3022,backwards_selection,990,12,11,0.6296296296296297,0.6205255549557702,0.38764309883117676,0.015909671783447266,10,0
0,3022,stepwise_selection,990,12,11,0.5993265993265994,0.5923752311880599,0.5262689590454102,0.015712738037109375,7,0
0,3022,bayesselection,990,12,11,0.5993265993265994,0.5923752311880599,10.80328106880188,0.01597881317138672,7,145
0,3022,bayeswweighting,990,12,11,0.6666666666666666,0.6536800653286122,30.190804958343506,0.02019524574279785,12,495
0,3549,baseline,841,70,4,1.0,1.0,4.76837158203125e-07,0.033774375915527344,70,0
0,3549,intercorrelation_filter,841,70,4,1.0,1.0,0.07459211349487305,0.02556753158569336,70,0
0,3549,correlation_weighting,841,70,4,1.0,1.0,0.07459211349487305,0.09149718284606934,70,0
0,3549,tree_based_filter,841,70,4,0.9802371541501976,0.975427564755073,0.20081663131713867,0.03323674201965332,35,0
0,3549,tree_based_weighting,841,70,4,0.9604743083003953,0.9528082536112354,0.20081663131713867,0.10133147239685059,35,0
0,3549,l1filter,841,70,4,1.0,1.0,0.016317129135131836,0.04142427444458008,38,0
0,3549,relieff,841,70,4,0.9920948616600791,0.9931371006433042,0.09503483772277832,0.03225398063659668,52,0
0,3549,relieff_weighting,841,70,4,0.9604743083003953,0.9608179553296355,0.09503483772277832,0.09399032592773438,52,0
0,3549,forward_selection,841,70,4,0.9051383399209486,0.8751811775127117,3.5389392375946045,0.013090372085571289,4,0
0,3549,backwards_selection,841,70,4,1.0,1.0,3.545494556427002,0.03500771522521973,69,0
0,3549,stepwise_selection,841,70,4,0.9802371541501976,0.9680940852361302,3.4092183113098145,0.034369707107543945,34,0
0,3549,bayesselection,841,70,4,0.9920948616600791,0.9943642350557245,113.35726022720337,0.044545650482177734,38,2
0,3549,bayeswweighting,841,70,4,0.9920948616600791,0.9943756319514662,337.4612195491791,0.08253240585327148,70,102
0,3560,baseline,797,4,6,0.19166666666666668,0.19131800864292273,4.76837158203125e-07,0.014150142669677734,4,0
0,3560,intercorrelation_filter,797,4,6,0.19166666666666668,0.19131800864292273,0.0033271312713623047,0.013278722763061523,4,0
0,3560,correlation_weighting,797,4,6,0.18333333333333332,0.17594029179758494,0.0033271312713623047,0.020837783813476562,4,0
0,3560,tree_based_filter,797,4,6,0.18333333333333332,0.1744015063886466,0.11970329284667969,0.012565374374389648,3,0
0,3560,tree_based_weighting,797,4,6,0.15833333333333333,0.14675111034755287,0.11970329284667969,0.013530969619750977,3,0
0,3560,l1filter,797,4,6,0.17083333333333334,0.16410499980427345,0.0026044845581054688,0.01733994483947754,2,0
0,3560,relieff,797,4,6,0.18333333333333332,0.1744015063886466,0.029577970504760742,0.0119476318359375,3,0
0,3560,relieff_weighting,797,4,6,0.17083333333333334,0.16792913927060268,0.029577970504760742,0.013131380081176758,3,0
0,3560,forward_selection,797,4,6,0.18333333333333332,0.10932154550351476,0.08403277397155762,0.011696577072143555,1,0
0,3560,backwards_selection,797,4,6,0.1875,0.1895631963072899,0.07082438468933105,0.012046337127685547,3,0
0,3560,stepwise_selection,797,4,6,0.19166666666666668,0.19131800864292273,0.039865732192993164,0.011937618255615234,4,0
0,3560,bayesselection,797,4,6,0.18333333333333332,0.1744015063886466,1.5799427032470703,0.011868715286254883,3,6
0,3560,bayeswweighting,797,4,6,0.1875,0.19291759811135908,4.119525909423828,0.013234853744506836,4,181
0,3902,baseline,1458,37,2,0.8949771689497716,0.5884803921568628,2.384185791015625e-07,0.07291555404663086,37,0
0,3902,intercorrelation_filter,1458,37,2,0.8995433789954338,0.6584190003544842,0.04499006271362305,0.054435014724731445,20,0
0,3902,correlation_weighting,1458,37,2,0.9246575342465754,0.78039775748644,0.04499006271362305,0.09499645233154297,20,0
0,3902,tree_based_filter,1458,37,2,0.8926940639269406,0.6094849663283695,0.20980381965637207,0.04619860649108887,18,0
0,3902,tree_based_weighting,1458,37,2,0.9018264840182648,0.7311080336364804,0.20980381965637207,0.10057878494262695,18,0
0,3902,l1filter,1458,37,2,0.906392694063927,0.7486106250437461,0.008410215377807617,0.04827761650085449,6,0
0,3902,relieff,1458,37,2,0.8949771689497716,0.6332993593476994,0.09324765205383301,0.06238698959350586,27,0
0,3902,relieff_weighting,1458,37,2,0.8949771689497716,0.6332993593476994,0.09324765205383301,0.11470389366149902,27,0
0,3902,forward_selection,1458,37,2,0.9155251141552512,0.7365863173122247,1.4451942443847656,0.01691603660583496,2,0
0,3902,backwards_selection,1458,37,2,0.8972602739726028,0.6035401790204163,2.816446304321289,0.05276966094970703,36,0
0,3902,stepwise_selection,1458,37,2,0.9155251141552512,0.7302372034956304,2.642620801925659,0.06061506271362305,19,0
0,3902,bayesselection,1458,37,2,0.9041095890410958,0.6822139303482587,61.8221652507782,0.07052397727966309,16,273
0,3902,bayeswweighting,1458,37,2,0.9041095890410958,0.6900316775628497,216.16966772079468,0.08878898620605469,37,610
0,3903,baseline,1563,37,2,0.8720682302771855,0.4818824569155988,2.384185791015625e-07,0.05506181716918945,37,0
0,3903,intercorrelation_filter,1563,37,2,0.8720682302771855,0.49692505720823793,0.04686856269836426,0.04699420928955078,19,0
0,3903,correlation_weighting,1563,37,2,0.8742004264392325,0.49803174603174605,0.04686856269836426,0.08222603797912598,19,0
0,3903,tree_based_filter,1563,37,2,0.8720682302771855,0.4658314350797267,0.23152995109558105,0.057764530181884766,18,0
0,3903,tree_based_weighting,1563,37,2,0.8720682302771855,0.4658314350797267,0.23152995109558105,0.062055110931396484,18,0
0,3903,l1filter,1563,37,2,0.8699360341151386,0.4652223489167617,0.008107662200927734,0.046678781509399414,2,0
0,3903,relieff,1563,37,2,0.8699360341151386,0.4652223489167617,0.09517264366149902,0.06608843803405762,27,0
0,3903,relieff_weighting,1563,37,2,0.8742004264392325,0.48275604239490066,0.09517264366149902,0.10138583183288574,27,0
0,3903,forward_selection,1563,37,2,0.8720682302771855,0.4658314350797267,0.9785287380218506,0.017071008682250977,1,0
0,3903,backwards_selection,1563,37,2,0.8699360341151386,0.48101587301587295,2.9408233165740967,0.06429433822631836,36,0
0,3903,stepwise_selection,1563,37,2,0.8742004264392325,0.48275604239490066,2.8377597332000732,0.06010580062866211,19,0
0,3903,bayesselection,1563,37,2,0.8699360341151386,0.4652223489167617,70.709543466568,0.051169395446777344,18,259
0,3903,bayeswweighting,1563,37,2,0.8678038379530917,0.4646118721461187,217.29808926582336,0.04546189308166504,37,70
0,3904,baseline,10880,21,2,0.8131699846860643,0.5340620274296666,4.76837158203125e-07,0.6179172992706299,21,0
0,3904,intercorrelation_filter,10880,21,2,0.8174578866768759,0.5348202333142092,0.02834343910217285,0.2757227420806885,10,0
0,3904,correlation_weighting,10880,21,2,0.8150076569678407,0.5342324043457723,0.02834343910217285,0.15221929550170898,10,0
0,3904,tree_based_filter,10880,21,2,0.8153139356814701,0.5333260958556512,1.0907962322235107,0.2729008197784424,10,0
0,3904,tree_based_weighting,10880,21,2,0.8116385911179173,0.5340936116895697,1.0907962322235107,0.18196630477905273,10,0
0,3904,l1filter,10880,21,2,0.8159264931087289,0.5425581440346285,0.05765938758850098,0.26097607612609863,13,0
0,3904,relieff,10880,21,2,0.812863705972435,0.5305199730490509,0.7881722450256348,0.26744842529296875,15,0
0,3904,relieff_weighting,10880,21,2,0.8131699846860643,0.5215627660453577,0.7881722450256348,0.3085036277770996,15,0
0,3904,forward_selection,10880,21,2,0.8094946401225115,0.5203519130845536,3.1535654067993164,0.0881803035736084,1,0
0,3904,backwards_selection,10880,21,2,0.8131699846860643,0.5340620274296666,15.371768236160278,0.590200662612915,20,0
0,3904,stepwise_selection,10880,21,2,0.8140888208269526,0.5279567917863236,5.087885141372681,0.16670894622802734,9,0
0,3904,bayesselection,10880,21,2,0.8165390505359877,0.5440804131060606,66.06580710411072,0.1338639259338379,7,38
0,3904,bayeswweighting,10880,21,2,0.8177641653905053,0.5428140490412198,460.1894967556,0.6269407272338867,21,693
0,3913,baseline,522,21,2,0.8471337579617835,0.6943543153796236,4.76837158203125e-07,0.013200998306274414,21,0
0,3913,intercorrelation_filter,522,21,2,0.8471337579617835,0.6943543153796236,0.00946044921875,0.010756254196166992,5,0
0,3913,correlation_weighting,522,21,2,0.8535031847133758,0.712247987887481,0.00946044921875,0.012256145477294922,5,0
0,3913,tree_based_filter,522,21,2,0.8280254777070064,0.6622041596939995,0.11674761772155762,0.010799169540405273,10,0
0,3913,tree_based_weighting,522,21,2,0.8598726114649682,0.7198247890979883,0.11674761772155762,0.01371002197265625,10,0
0,3913,l1filter,522,21,2,0.8343949044585988,0.7250808189655171,0.0028760433197021484,0.01011800765991211,3,0
0,3913,relieff,522,21,2,0.8407643312101911,0.6757538207352334,0.02137136459350586,0.010956287384033203,15,0
0,3913,relieff_weighting,522,21,2,0.8407643312101911,0.6631768643267828,0.02137136459350586,0.01580667495727539,15,0
0,3913,forward_selection,522,21,2,0.8280254777070064,0.649814126394052,0.5764796733856201,0.010485410690307617,2,0
0,3913,backwards_selection,522,21,2,0.8343949044585988,0.6802944862155388,0.3943307399749756,0.012740373611450195,20,0
0,3913,stepwise_selection,522,21,2,0.8407643312101911,0.6631768643267828,0.591372013092041,0.011005163192749023,8,0
0,3913,bayesselection,522,21,2,0.8471337579617835,0.7145454545454544,29.459066152572632,0.01117086410522461,11,287
0,3913,bayeswweighting,522,21,2,0.8407643312101911,0.6872260737907403,86.81143379211426,0.01877450942993164,21,132
0,3917,baseline,2109,21,2,0.8672985781990521,0.5818496382510223,4.76837158203125e-07,0.0850839614868164,21,0
0,3917,intercorrelation_filter,2109,21,2,0.8593996840442338,0.5378614494893564,0.021452665328979492,0.03185772895812988,4,0
0,3917,correlation_weighting,2109,21,2,0.8530805687203792,0.5170911775562939,0.021452665328979492,0.02537989616394043,4,0
0,3917,tree_based_filter,2109,21,2,0.8641390205371248,0.5788097301312206,0.20751547813415527,0.029798030853271484,10,0
0,3917,tree_based_weighting,2109,21,2,0.8578199052132701,0.5729385307346327,0.20751547813415527,0.031121253967285156,10,0
0,3917,l1filter,2109,21,2,0.8641390205371248,0.5854806286549707,0.0046160221099853516,0.028200387954711914,5,0
0,3917,relieff,2109,21,2,0.8657187993680885,0.5661341956085248,0.09661126136779785,0.0385584831237793,15,0
0,3917,relieff_weighting,2109,21,2,0.8657187993680885,0.5508352185926921,0.09661126136779785,0.044496774673461914,15,0
0,3917,forward_selection,2109,21,2,0.8609794628751974,0.6066323936500762,1.048245906829834,0.026318073272705078,2,0
0,3917,backwards_selection,2109,21,2,0.8657187993680885,0.5733588131279092,2.1057708263397217,0.08037328720092773,20,0
0,3917,stepwise_selection,2109,21,2,0.8562401263823065,0.5191294693168821,0.825808048248291,0.02579808235168457,11,0
0,3917,bayesselection,2109,21,2,0.8625592417061612,0.59034612037223,34.081713914871216,0.029369354248046875,6,240
0,3917,bayeswweighting,2109,21,2,0.8625592417061612,0.59034612037223,163.97482800483704,0.09882521629333496,21,230
0,3918,baseline,1109,21,2,0.954954954954955,0.48847926267281105,2.384185791015625e-07,0.054901838302612305,21,0
0,3918,intercorrelation_filter,1109,21,2,0.9519519519519519,0.4876923076923077,0.021813392639160156,0.04889702796936035,8,0
0,3918,correlation_weighting,1109,21,2,0.9519519519519519,0.4876923076923077,0.021813392639160156,0.018447399139404297,8,0
0,3918,tree_based_filter,1109,21,2,0.9519519519519519,0.5432098765432098,0.15385842323303223,0.014911890029907227,10,0
0,3918,tree_based_weighting,1109,21,2,0.948948948948949,0.4869029275808937,0.15385842323303223,0.018676280975341797,10,0
0,3918,l1filter,1109,21,2,0.9519519519519519,0.4876923076923077,0.002956390380859375,0.013880014419555664,4,0
0,3918,relieff,1109,21,2,0.954954954954955,0.48847926267281105,0.0463104248046875,0.01735997200012207,15,0
0,3918,relieff_weighting,1109,21,2,0.9519519519519519,0.4876923076923077,0.0463104248046875,0.020328521728515625,15,0
0,3918,forward_selection,1109,21,2,0.9429429429429429,0.4853168469860896,0.4866631031036377,0.013908147811889648,1,0
0,3918,backwards_selection,1109,21,2,0.954954954954955,0.48847926267281105,1.360342264175415,0.03872394561767578,20,0
0,3918,stepwise_selection,1109,21,2,0.9459459459459459,0.48611111111111116,0.5086894035339355,0.015095233917236328,9,0
0,3918,bayesselection,1109,21,2,0.9459459459459459,0.48611111111111116,31.50726866722107,0.014522552490234375,5,42
0,3918,bayeswweighting,1109,21,2,0.9429429429429429,0.4853168469860896,150.73998546600342,0.07259678840637207,21,103
0,9946,baseline,569,30,2,0.9473684210526315,0.9439895185063871,2.384185791015625e-07,0.014103174209594727,30,0
0,9946,intercorrelation_filter,569,30,2,0.935672514619883,0.9311115180369895,0.012663125991821289,0.01247096061706543,16,0
0,9946,correlation_weighting,569,30,2,0.9473684210526315,0.9439895185063871,0.012663125991821289,0.017332792282104492,16,0
0,9946,tree_based_filter,569,30,2,0.9473684210526315,0.9439895185063871,0.1337907314300537,0.011725187301635742,15,0
0,9946,tree_based_weighting,569,30,2,0.9298245614035088,0.9246031746031745,0.1337907314300537,0.01589179039001465,15,0
0,9946,l1filter,569,30,2,0.9415204678362573,0.9375730140186915,0.0030066967010498047,0.01073002815246582,6,0
0,9946,relieff,569,30,2,0.9298245614035088,0.9246031746031745,0.025686264038085938,0.012599468231201172,22,0
0,9946,relieff_weighting,569,30,2,0.9181286549707602,0.9131349782293179,0.025686264038085938,0.019722700119018555,22,0
0,9946,forward_selection,569,30,2,0.9239766081871345,0.9190959711758926,0.8947203159332275,0.010824918746948242,2,0
0,9946,backwards_selection,569,30,2,0.9415204678362573,0.9375730140186915,0.5832231044769287,0.012656688690185547,29,0
0,9946,stepwise_selection,569,30,2,0.9473684210526315,0.9443218407438226,0.624901533126831,0.01253056526184082,16,0
0,9946,bayesselection,569,30,2,0.9415204678362573,0.9375730140186915,39.88544321060181,0.012481927871704102,19,23
0,9946,bayeswweighting,569,30,2,0.9415204678362573,0.9375730140186915,121.57475972175598,0.02234959602355957,30,135
0,9952,baseline,5404,5,2,0.8193588162762022,0.7804254768653596,2.384185791015625e-07,0.07054471969604492,5,0
0,9952,intercorrelation_filter,5404,5,2,0.8193588162762022,0.7804254768653596,0.004456996917724609,0.0716547966003418,5,0
0,9952,correlation_weighting,5404,5,2,0.8279901356350184,0.7865043386695689,0.004456996917724609,0.06855440139770508,5,0
0,9952,tree_based_filter,5404,5,2,0.8168927250308261,0.7765781158474568,0.4788644313812256,0.057901859283447266,4,0
0,9952,tree_based_weighting,5404,5,2,0.8156596794081381,0.7742039863883058,0.4788644313812256,0.06923890113830566,4,0
0,9952,l1filter,5404,5,2,0.8193588162762022,0.7804254768653596,0.003947257995605469,0.05562567710876465,5,0
0,9952,relieff,5404,5,2,0.781750924784217,0.7243832333949669,0.2059495449066162,0.05563092231750488,3,0
0,9952,relieff_weighting,5404,5,2,0.7688039457459926,0.7160739267407714,0.2059495449066162,0.04783177375793457,3,0
0,9952,forward_selection,5404,5,2,0.8057953144266338,0.761502098462248,0.6957414150238037,0.055127620697021484,3,0
0,9952,backwards_selection,5404,5,2,0.8181257706535142,0.7780826403198646,0.3389308452606201,0.06409978866577148,4,0
0,9952,stepwise_selection,5404,5,2,0.8168927250308261,0.7765781158474568,0.3700394630432129,0.05115318298339844,4,0
0,9952,bayesselection,5404,5,2,0.8181257706535142,0.7780826403198646,5.03149151802063,0.05774879455566406,4,36
0,9952,bayeswweighting,5404,5,2,0.8353884093711468,0.7988885498905686,13.662012338638306,0.06601166725158691,5,209
0,9957,baseline,1055,41,2,0.8296529968454258,0.8183728036669213,4.76837158203125e-07,0.036637306213378906,41,0
0,9957,intercorrelation_filter,1055,41,2,0.832807570977918,0.8214350242855168,0.04426097869873047,0.05467367172241211,32,0
0,9957,correlation_weighting,1055,41,2,0.8517350157728707,0.8405381396294671,0.04426097869873047,0.06582307815551758,32,0
0,9957,tree_based_filter,1055,41,2,0.8170347003154574,0.8013784461152882,0.20314717292785645,0.0348963737487793,20,0
0,9957,tree_based_weighting,1055,41,2,0.7791798107255521,0.7602843315184513,0.20314717292785645,0.09082317352294922,20,0
0,9957,l1filter,1055,41,2,0.8296529968454258,0.8177540243590836,0.010541200637817383,0.049955129623413086,15,0
0,9957,relieff,1055,41,2,0.7791798107255521,0.766086186540732,0.06258726119995117,0.0373079776763916,30,0
0,9957,relieff_weighting,1055,41,2,0.7791798107255521,0.7637552167617749,0.06258726119995117,0.10742068290710449,30,0
0,9957,forward_selection,1055,41,2,0.8012618296529969,0.7762428153675507,2.839775562286377,0.016511201858520508,5,0
0,9957,backwards_selection,1055,41,2,0.832807570977918,0.8226114683306409,4.4564409255981445,0.03969621658325195,38,0
0,9957,stepwise_selection,1055,41,2,0.8264984227129337,0.8133956953110785,3.4878931045532227,0.03882265090942383,20,0
0,9957,bayesselection,1055,41,2,0.8201892744479495,0.8066100842314814,79.00271821022034,0.04227471351623535,25,158
0,9957,bayeswweighting,1055,41,2,0.8170347003154574,0.802860696517413,227.7806751728058,0.07486796379089355,41,859
0,9960,baseline,5456,24,4,0.7544288332315211,0.7482838274041113,4.76837158203125e-07,0.2568089962005615,24,0
0,9960,intercorrelation_filter,5456,24,4,0.7544288332315211,0.7482838274041113,0.021571636199951172,0.24733710289001465,24,0
0,9960,correlation_weighting,5456,24,4,0.758094074526573,0.7361290080193553,0.021571636199951172,0.28081321716308594,24,0
0,9960,tree_based_filter,5456,24,4,0.6737935247403788,0.6836249354274505,0.5960164070129395,0.1627047061920166,12,0
0,9960,tree_based_weighting,5456,24,4,0.7574832009773976,0.7531143457651657,0.5960164070129395,0.10003209114074707,12,0
0,9960,l1filter,5456,24,4,0.7544288332315211,0.7482838274041113,0.03086113929748535,0.2629048824310303,24,0
0,9960,relieff,5456,24,4,0.7379352474037875,0.7261935510814808,0.42925524711608887,0.23798322677612305,18,0
0,9960,relieff_weighting,5456,24,4,0.7422113622480146,0.7049071233946272,0.42925524711608887,0.277423620223999,18,0
0,9960,forward_selection,5456,24,4,0.8521686010995724,0.8075697746492864,2.5384676456451416,0.04884505271911621,2,0
0,9960,backwards_selection,5456,24,4,0.7703115455100794,0.7615004889432626,10.249484777450562,0.24377655982971191,22,0
0,9960,stepwise_selection,5456,24,4,0.7348808796579108,0.7213029524351761,13.695202827453613,0.16058635711669922,13,0
0,9960,bayesselection,5456,24,4,0.7971899816737935,0.7430965116874477,53.007176637649536,0.06796026229858398,6,226
0,9960,bayeswweighting,5456,24,4,0.7550397067806964,0.7280608930503844,240.0472767353058,0.2450571060180664,24,609
0,9971,baseline,583,10,2,0.6171428571428571,0.4794672586015538,4.76837158203125e-07,0.012235879898071289,10,0
0,9971,intercorrelation_filter,583,10,2,0.6285714285714286,0.4867108884978115,0.005015134811401367,0.01130819320678711,9,0
0,9971,correlation_weighting,583,10,2,0.6285714285714286,0.5028626371225033,0.005015134811401367,0.0143890380859375,9,0
0,9971,tree_based_filter,583,10,2,0.6285714285714286,0.4950055493895671,0.12352347373962402,0.011343002319335938,5,0
0,9971,tree_based_weighting,583,10,2,0.6971428571428572,0.5743264950204231,0.12352347373962402,0.012691974639892578,5,0
0,9971,l1filter,583,10,2,0.6628571428571428,0.5680097067068323,0.0024683475494384766,0.01051020622253418,4,0
0,9971,relieff,583,10,2,0.6571428571428571,0.4858989424206816,0.022975683212280273,0.010976552963256836,7,0
0,9971,relieff_weighting,583,10,2,0.6514285714285715,0.4494300892258497,0.022975683212280273,0.013220787048339844,7,0
0,9971,forward_selection,583,10,2,0.6857142857142857,0.579345308334426,0.2844057083129883,0.010740280151367188,2,0
0,9971,backwards_selection,583,10,2,0.6457142857142857,0.4976851851851852,0.2606322765350342,0.011036396026611328,8,0
0,9971,stepwise_selection,583,10,2,0.6685714285714286,0.5723795079204584,0.2873687744140625,0.010660648345947266,3,0
0,9971,bayesselection,583,10,2,0.6228571428571429,0.47442664725154715,7.1503119468688965,0.010799884796142578,6,104
0,9971,bayeswweighting,583,10,2,0.6685714285714286,0.5723795079204584,19.86381769180298,0.01441335678100586,10,186
0,9978,baseline,2534,72,2,0.9369250985545335,0.4837177747625509,2.384185791015625e-07,0.10700607299804688,72,0
0,9978,intercorrelation_filter,2534,72,2,0.9369250985545335,0.4837177747625509,0.07561707496643066,0.10495591163635254,16,0
0,9978,correlation_weighting,2534,72,2,0.9369250985545335,0.4837177747625509,0.07561707496643066,0.11787056922912598,16,0
0,9978,tree_based_filter,2534,72,2,0.9369250985545335,0.4837177747625509,0.41315388679504395,0.1359388828277588,36,0
0,9978,tree_based_weighting,2534,72,2,0.9369250985545335,0.4837177747625509,0.41315388679504395,0.13843512535095215,36,0
0,9978,l1filter,2534,72,2,0.9369250985545335,0.503695652173913,0.018723487854003906,0.055574893951416016,12,0
0,9978,relieff,2534,72,2,0.9369250985545335,0.4837177747625509,0.33476924896240234,0.09819245338439941,54,0
0,9978,relieff_weighting,2534,72,2,0.9369250985545335,0.4837177747625509,0.33476924896240234,0.14343523979187012,54,0
0,9978,forward_selection,2534,72,2,0.9369250985545335,0.4837177747625509,2.5789332389831543,0.025093555450439453,1,0
0,9978,backwards_selection,2534,72,2,0.9369250985545335,0.4837177747625509,9.313831806182861,0.11618900299072266,71,0
0,9978,stepwise_selection,2534,72,2,0.9369250985545335,0.4837177747625509,9.15225887298584,0.1187906265258789,35,0
0,9978,bayesselection,2534,72,2,0.9369250985545335,0.4837177747625509,125.82893919944763,0.09978008270263672,42,0
0,9978,bayeswweighting,2534,72,2,0.9369250985545335,0.4837177747625509,363.77225279808044,0.14827919006347656,72,0
0,9985,baseline,6118,51,6,0.5005446623093682,0.3598213969360227,4.76837158203125e-07,0.28063488006591797,51,0
0,9985,intercorrelation_filter,6118,51,6,0.49836601307189543,0.3527805440921317,0.07572650909423828,0.24669504165649414,32,0
0,9985,correlation_weighting,6118,51,6,0.5027233115468409,0.3547656909588017,0.07572650909423828,0.28978848457336426,32,0
0,9985,tree_based_filter,6118,51,6,0.49455337690631807,0.3449540444407695,1.1690244674682617,0.24812626838684082,25,0
0,9985,tree_based_weighting,6118,51,6,0.48965141612200436,0.3386763465849553,1.1690244674682617,0.26744794845581055,25,0
0,9985,l1filter,6118,51,6,0.4989106753812636,0.3545413769822982,0.23640036582946777,0.2553536891937256,40,0
0,9985,relieff,6118,51,6,0.49564270152505446,0.34894234489677767,0.6461248397827148,0.2657291889190674,38,0
0,9985,relieff_weighting,6118,51,6,0.5016339869281046,0.35710420742620436,0.6461248397827148,0.2803988456726074,38,0
0,9985,forward_selection,6118,51,6,0.4651416122004357,0.30548462151205213,9.648710489273071,0.0645134449005127,3,0
0,9985,backwards_selection,6118,51,6,0.5021786492374728,0.36268539539768496,17.253477573394775,0.2381279468536377,50,0
0,9985,stepwise_selection,6118,51,6,0.4809368191721133,0.33887528803401584,17.00649070739746,0.2782301902770996,26,0
0,9985,bayesselection,6118,51,6,0.49564270152505446,0.34692941932017995,131.38302946090698,0.26986074447631836,31,272
0,9985,bayeswweighting,6118,51,6,0.5049019607843137,0.35084622372884255,364.4267420768738,0.27016282081604004,51,294
0,10093,baseline,1372,4,2,0.9878640776699029,0.987775859101941,2.384185791015625e-07,0.0169219970703125,4,0
0,10093,intercorrelation_filter,1372,4,2,0.9878640776699029,0.987775859101941,0.0032804012298583984,0.01791524887084961,4,0
0,10093,correlation_weighting,1372,4,2,0.9757281553398058,0.9755808440018967,0.0032804012298583984,0.016987323760986328,4,0
0,10093,tree_based_filter,1372,4,2,0.9587378640776699,0.9584379209465995,0.14296960830688477,0.01594400405883789,3,0
0,10093,tree_based_weighting,1372,4,2,0.9344660194174758,0.93387348935639,0.14296960830688477,0.01657271385192871,3,0
0,10093,l1filter,1372,4,2,0.9757281553398058,0.9755617244406483,0.002740144729614258,0.01519012451171875,3,0
0,10093,relieff,1372,4,2,0.9150485436893204,0.9138296791619608,0.049941062927246094,0.015860319137573242,3,0
0,10093,relieff_weighting,1372,4,2,0.9174757281553398,0.916523646071701,0.049941062927246094,0.01654648780822754,3,0
0,10093,forward_selection,1372,4,2,0.9757281553398058,0.9755617244406483,0.19791245460510254,0.01683664321899414,3,0
0,10093,backwards_selection,1372,4,2,0.9757281553398058,0.9755617244406483,0.0862126350402832,0.015472650527954102,3,0
0,10093,stepwise_selection,1372,4,2,0.9878640776699029,0.987775859101941,0.04892444610595703,0.015761375427246094,4,0
0,10093,bayesselection,1372,4,2,0.9878640776699029,0.987775859101941,1.6990630626678467,0.017316579818725586,4,34
0,10093,bayeswweighting,1372,4,2,0.9927184466019418,0.9926592427616925,4.6450231075286865,0.016802310943603516,4,12
0,10101,baseline,748,4,2,0.7777777777777778,0.6584284673305806,2.384185791015625e-07,0.012673616409301758,4,0
0,10101,intercorrelation_filter,748,4,2,0.7866666666666666,0.6609743847312908,0.0032286643981933594,0.011827230453491211,3,0
0,10101,correlation_weighting,748,4,2,0.7644444444444445,0.6223995440296382,0.0032286643981933594,0.012863636016845703,3,0
0,10101,tree_based_filter,748,4,2,0.7466666666666667,0.5709123757904245,0.11517643928527832,0.012785911560058594,2,0
0,10101,tree_based_weighting,748,4,2,0.7555555555555555,0.5777747449588864,0.11517643928527832,0.013504266738891602,2,0
0,10101,l1filter,748,4,2,0.7466666666666667,0.5709123757904245,0.002410411834716797,0.018050670623779297,2,0
0,10101,relieff,748,4,2,0.7555555555555555,0.5691306013021831,0.030544757843017578,0.01291966438293457,3,0
0,10101,relieff_weighting,748,4,2,0.7422222222222222,0.5675371155885471,0.030544757843017578,0.019701004028320312,3,0
0,10101,forward_selection,748,4,2,0.7733333333333333,0.48774608276416237,0.09137988090515137,0.011405706405639648,1,0
0,10101,backwards_selection,748,4,2,0.7866666666666666,0.6609743847312908,0.06733179092407227,0.011354923248291016,3,0
0,10101,stepwise_selection,748,4,2,0.7777777777777778,0.6584284673305806,0.0381011962890625,0.011873722076416016,4,0
0,10101,bayesselection,748,4,2,0.7777777777777778,0.6584284673305806,1.5095784664154053,0.011783361434936523,4,46
0,10101,bayeswweighting,748,4,2,0.7866666666666666,0.6420996818663838,4.133604526519775,0.012804985046386719,4,29
0,14952,baseline,11055,30,2,0.8917696713898101,0.8889778331954883,4.76837158203125e-07,0.5980796813964844,30,0
0,14952,intercorrelation_filter,11055,30,2,0.8974977389207115,0.8949657938931184,0.04937243461608887,0.6468601226806641,27,0
0,14952,correlation_weighting,11055,30,2,0.9152848959903527,0.912978558549155,0.04937243461608887,0.6286344528198242,27,0
0,14952,tree_based_filter,11055,30,2,0.8869460355743142,0.8838211514013894,0.3269944190979004,0.6672091484069824,16,0
0,14952,tree_based_weighting,11055,30,2,0.9161893277057582,0.9144944549534513,0.3269944190979004,0.6154360771179199,16,0
0,14952,l1filter,11055,30,2,0.8947844437744951,0.8918320884940786,0.08867478370666504,0.6386213302612305,25,0
0,14952,relieff,11055,30,2,0.8145914983418752,0.8075610915036064,1.7641401290893555,0.5896508693695068,22,0
0,14952,relieff_weighting,11055,30,2,0.8049442267108833,0.798070181958977,1.7641401290893555,0.6555767059326172,22,0
0,14952,forward_selection,11055,30,2,0.9089538739825144,0.9069815770902203,12.136854648590088,0.22693467140197754,2,0
0,14952,backwards_selection,11055,30,2,0.8929755803436841,0.890300270211982,21.843883991241455,0.6548104286193848,29,0
0,14952,stepwise_selection,11055,30,2,0.8815194452818812,0.8775392124950152,18.44519853591919,0.658806562423706,16,0
0,14952,bayesselection,11055,30,2,0.9116671691287308,0.9096965367076028,178.02347373962402,0.4582076072692871,15,344
0,14952,bayeswweighting,11055,30,2,0.9303587579137775,0.9287129436897688,489.8413071632385,0.6599776744842529,30,952
0,14954,baseline,277,37,2,0.7023809523809523,0.662107803700724,4.76837158203125e-07,0.011977434158325195,37,0
0,14954,intercorrelation_filter,277,37,2,0.7142857142857143,0.684012539184953,0.013660907745361328,0.010460138320922852,36,0
0,14954,correlation_weighting,277,37,2,0.6785714285714286,0.6110444177671068,0.013660907745361328,0.020639896392822266,36,0
0,14954,tree_based_filter,277,37,2,0.7142857142857143,0.6971153846153846,0.10694193840026855,0.010369300842285156,18,0
0,14954,tree_based_weighting,277,37,2,0.7142857142857143,0.672514619883041,0.10694193840026855,0.01611948013305664,18,0
0,14954,l1filter,277,37,2,0.40476190476190477,0.4017094017094017,0.0025053024291992188,0.009443044662475586,1,0
0,14954,relieff,277,37,2,0.6547619047619048,0.6149834044570887,0.013252496719360352,0.010670185089111328,27,0
0,14954,relieff_weighting,277,37,2,0.6428571428571429,0.5906432748538012,0.013252496719360352,0.018547773361206055,27,0
0,14954,forward_selection,277,37,2,0.6547619047619048,0.59175465057818,1.212447166442871,0.009313821792602539,3,0
0,14954,backwards_selection,277,37,2,0.7023809523809523,0.662107803700724,0.6184675693511963,0.010390043258666992,36,0
0,14954,stepwise_selection,277,37,2,0.6309523809523809,0.5727645611156685,1.1941859722137451,0.009321212768554688,15,0
0,14954,bayesselection,277,37,2,0.6547619047619048,0.6267810632756243,48.80375361442566,0.010091781616210938,17,201
0,14954,bayeswweighting,277,37,2,0.7142857142857143,0.6785714285714286,146.1140341758728,0.022148609161376953,37,595
0,14969,baseline,9873,32,5,0.513504388926401,0.4151016138706286,4.76837158203125e-07,0.5009777545928955,32,0
0,14969,intercorrelation_filter,9873,32,5,0.5081026333558406,0.40372731651521504,0.050179243087768555,0.48954057693481445,28,0
0,14969,correlation_weighting,9873,32,5,0.4864956110735989,0.33188823691870806,0.050179243087768555,0.5054214000701904,28,0
0,14969,tree_based_filter,9873,32,5,0.49696151249155973,0.36506750796226306,2.4216482639312744,0.49981212615966797,16,0
0,14969,tree_based_weighting,9873,32,5,0.5104659014179609,0.38407729048665334,2.4216482639312744,0.5391345024108887,16,0
0,14969,l1filter,9873,32,5,0.5202565833896016,0.4220498137739172,0.16198992729187012,0.5105395317077637,29,0
0,14969,relieff,9873,32,5,0.4972991222147198,0.39719835621001065,1.6366705894470215,0.5374972820281982,24,0
0,14969,relieff_weighting,9873,32,5,0.49763673193787983,0.39837165127923546,1.6366705894470215,0.5553789138793945,24,0
0,14969,forward_selection,9873,32,5,0.5067521944632005,0.3996990467851761,16.808488368988037,0.1877896785736084,5,0
0,14969,backwards_selection,9873,32,5,0.5148548278190412,0.41817085858121106,20.368932485580444,0.5661263465881348,31,0
0,14969,stepwise_selection,9873,32,5,0.5205941931127617,0.4251492265939113,30.43553876876831,0.5308494567871094,18,0
0,14969,bayesselection,9873,32,5,0.5185685347738015,0.4197779259510515,165.62028813362122,0.529700517654419,16,228
0,14969,bayeswweighting,9873,32,5,0.5303848750844025,0.4382806953779685,445.12308716773987,0.505563497543335,32,500
0,125922,baseline,5500,40,11,0.9454875832828589,0.9465283916895975,2.384185791015625e-07,0.23880410194396973,40,0
0,125922,intercorrelation_filter,5500,40,11,0.8855239248940037,0.8850797253262533,0.04898810386657715,0.057123422622680664,7,0
0,125922,correlation_weighting,5500,40,11,0.8831011508176863,0.8846719746800996,0.04898810386657715,0.06820535659790039,7,0
0,125922,tree_based_filter,5500,40,11,0.949121744397335,0.9502558060377464,1.0145812034606934,0.2315976619720459,20,0
0,125922,tree_based_weighting,5500,40,11,0.9521502119927316,0.9532224094603666,1.0145812034606934,0.24962496757507324,20,0
0,125922,l1filter,5500,40,11,0.9479103573591763,0.9489097167558262,0.8162014484405518,0.25490379333496094,32,0
0,125922,relieff,5500,40,11,0.9224712295578438,0.9240074529370665,0.3770115375518799,0.236954927444458,30,0
0,125922,relieff_weighting,5500,40,11,0.9145972138098122,0.9163362060120522,0.3770115375518799,0.24660968780517578,30,0
0,125922,forward_selection,5500,40,11,0.9345850999394306,0.9362628351116352,11.194419860839844,0.07149910926818848,6,0
0,125922,backwards_selection,5500,40,11,0.9448818897637795,0.9459817000801967,11.957062244415283,0.22812509536743164,39,0
0,125922,stepwise_selection,5500,40,11,0.9327680193821926,0.9342524211455465,12.383062601089478,0.2515850067138672,21,0
0,125922,bayesselection,5500,40,11,0.9539672925499697,0.9551149864680429,86.41121554374695,0.09235477447509766,14,146
0,125922,bayeswweighting,5500,40,11,0.9539672925499697,0.9547150523605166,305.33363485336304,0.29300642013549805,40,417
0,146800,baseline,552,77,8,0.7951807228915663,0.7847253756974354,2.384185791015625e-07,0.03309917449951172,77,0
0,146800,intercorrelation_filter,552,77,8,0.8674698795180723,0.8653883424897993,0.0791463851928711,0.023119211196899414,54,0
0,146800,correlation_weighting,552,77,8,0.8253012048192772,0.8257360234563254,0.0791463851928711,0.06907320022583008,54,0
0,146800,tree_based_filter,552,77,8,0.7951807228915663,0.7886061588719204,0.2287580966949463,0.02645730972290039,38,0
0,146800,tree_based_weighting,552,77,8,0.8192771084337349,0.8125663153673722,0.2287580966949463,0.09637641906738281,38,0
0,146800,l1filter,552,77,8,0.8795180722891566,0.8749569436935378,0.017050504684448242,0.026433706283569336,30,0
0,146800,relieff,552,77,8,0.7891566265060241,0.762436289425117,0.05007004737854004,0.04379987716674805,57,0
0,146800,relieff_weighting,552,77,8,0.23493975903614459,0.19299091708635807,0.05007004737854004,0.09754705429077148,57,0
0,146800,forward_selection,552,77,8,0.7831325301204819,0.7536907090682119,7.180210828781128,0.011600494384765625,9,0
0,146800,backwards_selection,552,77,8,0.7771084337349398,0.7622886736201739,8.28518033027649,0.035376548767089844,73,0
0,146800,stepwise_selection,552,77,8,0.7891566265060241,0.7684321183558989,4.6876819133758545,0.022613525390625,39,0
0,146800,bayesselection,552,77,8,0.7650602409638554,0.753608283688333,98.61945986747742,0.023508310317993164,42,204
0,146800,bayeswweighting,552,77,8,0.8253012048192772,0.8061960540334849,361.31537199020386,0.07096576690673828,77,772
0,146817,baseline,1941,27,7,0.6535162950257289,0.5690541419481978,2.384185791015625e-07,0.06671833992004395,27,0
0,146817,intercorrelation_filter,1941,27,7,0.6552315608919382,0.5905249901386496,0.0325164794921875,0.03812289237976074,15,0
0,146817,correlation_weighting,1941,27,7,0.5866209262435678,0.5515561960799559,0.0325164794921875,0.0449068546295166,15,0
0,146817,tree_based_filter,1941,27,7,0.6535162950257289,0.5594030268157699,0.33115410804748535,0.0343472957611084,13,0
0,146817,tree_based_weighting,1941,27,7,0.6535162950257289,0.5558798504906504,0.33115410804748535,0.03671073913574219,13,0
0,146817,l1filter,1941,27,7,0.6535162950257289,0.6019454434705137,0.01834392547607422,0.07665681838989258,22,0
0,146817,relieff,1941,27,7,0.6483704974271012,0.5738498456898746,0.12100768089294434,0.0933382511138916,20,0
0,146817,relieff_weighting,1941,27,7,0.6432246998284734,0.6239765974102655,0.12100768089294434,0.10206174850463867,20,0
0,146817,forward_selection,1941,27,7,0.6174957118353345,0.5398763768139688,1.7487313747406006,0.021937847137451172,3,0
0,146817,backwards_selection,1941,27,7,0.6620926243567753,0.570363416049501,2.7416634559631348,0.07562112808227539,26,0
0,146817,stepwise_selection,1941,27,7,0.6638078902229846,0.6514728113879628,4.1545939445495605,0.06115102767944336,15,0
0,146817,bayesselection,1941,27,7,0.6912521440823327,0.6559547818516329,59.34800744056702,0.08865809440612793,17,140
0,146817,bayeswweighting,1941,27,7,0.6861063464837049,0.6907582295745149,183.86047315597534,0.09704065322875977,27,582
0,146819,baseline,540,18,2,0.9629629629629629,0.615506329113924,4.76837158203125e-07,0.013431787490844727,18,0
0,146819,intercorrelation_filter,540,18,2,0.9629629629629629,0.615506329113924,0.0073549747467041016,0.012287378311157227,18,0
0,146819,correlation_weighting,540,18,2,0.9320987654320988,0.6585552787890401,0.0073549747467041016,0.017914295196533203,18,0
0,146819,tree_based_filter,540,18,2,0.9506172839506173,0.4873417721518988,0.13004469871520996,0.011533737182617188,9,0
0,146819,tree_based_weighting,540,18,2,0.9382716049382716,0.5673076923076923,0.13004469871520996,0.01379251480102539,9,0
0,146819,l1filter,540,18,2,0.9135802469135802,0.5882352941176471,0.002550840377807617,0.01035618782043457,3,0
0,146819,relieff,540,18,2,0.9567901234567902,0.4889589905362776,0.022184133529663086,0.011087417602539062,13,0
0,146819,relieff_weighting,540,18,2,0.9629629629629629,0.49056603773584906,0.022184133529663086,0.015218973159790039,13,0
0,146819,forward_selection,540,18,2,0.9567901234567902,0.4889589905362776,0.3407270908355713,0.010640382766723633,1,0
0,146819,backwards_selection,540,18,2,0.9629629629629629,0.615506329113924,0.48799991607666016,0.012087106704711914,16,0
0,146819,stepwise_selection,540,18,2,0.9567901234567902,0.6706360731919837,0.34048938751220703,0.014561176300048828,10,0
0,146819,bayesselection,540,18,2,0.9382716049382716,0.7058823529411764,23.013283491134644,0.010718345642089844,6,324
0,146819,bayeswweighting,540,18,2,0.9567901234567902,0.7195152114766262,66.43202900886536,0.018125295639038086,18,554
0,146820,baseline,4839,5,2,0.9552341597796143,0.5034696100042614,2.384185791015625e-07,0.06652355194091797,5,0
0,146820,intercorrelation_filter,4839,5,2,0.9545454545454546,0.48837209302325585,0.004405021667480469,0.05000472068786621,4,0
0,146820,correlation_weighting,4839,5,2,0.9545454545454546,0.48837209302325585,0.004405021667480469,0.05908799171447754,4,0
0,146820,tree_based_filter,4839,5,2,0.9752066115702479,0.8060897435897436,0.31817054748535156,0.047188758850097656,3,0
0,146820,tree_based_weighting,4839,5,2,0.981404958677686,0.8666054203031694,0.31817054748535156,0.04893016815185547,3,0
0,146820,l1filter,4839,5,2,0.9710743801652892,0.764271136124683,0.007779121398925781,0.047397613525390625,3,0
0,146820,relieff,4839,5,2,0.9545454545454546,0.48837209302325585,0.1867353916168213,0.05300641059875488,3,0
0,146820,relieff_weighting,4839,5,2,0.9545454545454546,0.48837209302325585,0.1867353916168213,0.052591562271118164,3,0
0,146820,forward_selection,4839,5,2,0.9545454545454546,0.48837209302325585,0.29926371574401855,0.04089665412902832,1,0
0,146820,backwards_selection,4839,5,2,0.9600550964187328,0.5978607582847866,0.3333323001861572,0.05412435531616211,4,0
0,146820,stepwise_selection,4839,5,2,0.977961432506887,0.8433382335091103,0.6624152660369873,0.0434114933013916,2,0
0,146820,bayesselection,4839,5,2,0.977961432506887,0.8433382335091103,4.431973695755005,0.0425412654876709,2,9
0,146820,bayeswweighting,4839,5,2,0.9800275482093664,0.8593018554592872,12.780766487121582,0.054343461990356445,5,194
0,146821,baseline,1728,6,4,0.9229287090558767,0.7877387212290496,4.76837158203125e-07,0.025535106658935547,6,0
0,146821,intercorrelation_filter,1728,6,4,0.9229287090558767,0.7877387212290496,0.003912687301635742,0.02555561065673828,6,0
0,146821,correlation_weighting,1728,6,4,0.8940269749518305,0.6782018633540372,0.003912687301635742,0.02423262596130371,6,0
0,146821,tree_based_filter,1728,6,4,0.7957610789980732,0.3798808240507845,0.12053251266479492,0.019295454025268555,3,0
0,146821,tree_based_weighting,1728,6,4,0.7957610789980732,0.3798808240507845,0.12053251266479492,0.020614147186279297,3,0
0,146821,l1filter,1728,6,4,0.9229287090558767,0.7877387212290496,0.0032012462615966797,0.024644136428833008,6,0
0,146821,relieff,1728,6,4,0.8304431599229287,0.521626088781614,0.06561684608459473,0.0209505558013916,4,0
0,146821,relieff_weighting,1728,6,4,0.8304431599229287,0.5255842461650915,0.06561684608459473,0.0223996639251709,4,0
0,146821,forward_selection,1728,6,4,0.859344894026975,0.6846064125299139,0.4358961582183838,0.020751953125,4,0
0,146821,backwards_selection,1728,6,4,0.9364161849710982,0.8417614013358694,0.17447185516357422,0.0226595401763916,5,0
0,146821,stepwise_selection,1728,6,4,0.859344894026975,0.6846064125299139,0.36016416549682617,0.020952701568603516,4,0
0,146821,bayesselection,1728,6,4,0.9364161849710982,0.8417614013358694,3.6625452041625977,0.023547649383544922,5,48
0,146821,bayeswweighting,1728,6,4,0.9190751445086706,0.7837372776302844,9.768786668777466,0.023441553115844727,6,232
0,146822,baseline,2310,16,7,0.8225108225108225,0.8233074578384659,2.384185791015625e-07,0.0888817310333252,16,0
0,146822,intercorrelation_filter,2310,16,7,0.7950937950937951,0.7983214478981129,0.015988588333129883,0.031091690063476562,9,0
0,146822,correlation_weighting,2310,16,7,0.8816738816738817,0.8845669580963699,0.015988588333129883,0.031534433364868164,9,0
0,146822,tree_based_filter,2310,16,7,0.797979797979798,0.802479583402951,0.2741048336029053,0.030625343322753906,8,0
0,146822,tree_based_weighting,2310,16,7,0.8427128427128427,0.8447648922666126,0.2741048336029053,0.03364109992980957,8,0
0,146822,l1filter,2310,16,7,0.823953823953824,0.8281440451273898,0.016240358352661133,0.029422998428344727,11,0
0,146822,relieff,2310,16,7,0.8080808080808081,0.8100812166768446,0.1038367748260498,0.04080820083618164,12,0
0,146822,relieff_weighting,2310,16,7,0.8037518037518038,0.8068804945226294,0.1038367748260498,0.035932064056396484,12,0
0,146822,forward_selection,2310,16,7,0.8383838383838383,0.8410288854563103,1.1163268089294434,0.024629592895507812,3,0
0,146822,backwards_selection,2310,16,7,0.8398268398268398,0.8440961273872937,1.1144533157348633,0.043442487716674805,14,0
0,146822,stepwise_selection,2310,16,7,0.8658008658008658,0.8697446895951461,1.404787302017212,0.030040979385375977,9,0
0,146822,bayesselection,2310,16,7,0.8354978354978355,0.8367215830126778,22.127347230911255,0.033223867416381836,6,80
0,146822,bayeswweighting,2310,16,7,0.8672438672438673,0.8707556440075838,113.69091534614563,0.13363122940063477,16,631
0,167141,baseline,5000,20,2,0.888,0.5325854700854701,4.76837158203125e-07,0.2351081371307373,20,0
0,167141,intercorrelation_filter,5000,20,2,0.89,0.5431480514110726,0.01634955406188965,0.2086789608001709,17,0
0,167141,correlation_weighting,5000,20,2,0.926,0.7733580711070335,0.01634955406188965,0.21894216537475586,17,0
0,167141,tree_based_filter,5000,20,2,0.8986666666666666,0.6175805596742054,0.5861930847167969,0.13861751556396484,10,0
0,167141,tree_based_weighting,5000,20,2,0.9053333333333333,0.7051103136629452,0.5861930847167969,0.07256460189819336,10,0
0,167141,l1filter,5000,20,2,0.9146666666666666,0.7010165437512458,0.05896115303039551,0.13049936294555664,11,0
0,167141,relieff,5000,20,2,0.8873333333333333,0.536541889483066,0.36304211616516113,0.14720749855041504,15,0
0,167141,relieff_weighting,5000,20,2,0.8846666666666667,0.6292724740169292,0.36304211616516113,0.10055804252624512,15,0
0,167141,forward_selection,5000,20,2,0.8686666666666667,0.6319091768592323,1.4241998195648193,0.06892609596252441,1,0
0,167141,backwards_selection,5000,20,2,0.888,0.5280014984079415,5.378108501434326,0.22832250595092773,19,0
0,167141,stepwise_selection,5000,20,2,0.8826666666666667,0.5285714285714285,3.0784640312194824,0.14206910133361816,11,0
0,167141,bayesselection,5000,20,2,0.9186666666666666,0.723731884057971,45.35569977760315,0.0659174919128418,6,199
0,167141,bayeswweighting,5000,20,2,0.9293333333333333,0.772037781511834,218.93768501281738,0.23775362968444824,20,663
1,11,baseline,625,4,3,0.9148936170212766,0.6301127214170693,4.76837158203125e-07,0.01157689094543457,4,0
1,11,intercorrelation_filter,625,4,3,0.9148936170212766,0.6301127214170693,0.0031630992889404297,0.011062383651733398,4,0
1,11,correlation_weighting,625,4,3,0.9148936170212766,0.6300556511588121,0.0031630992889404297,0.012017488479614258,4,0
1,11,tree_based_filter,625,4,3,0.9148936170212766,0.6301127214170693,0.10624861717224121,0.011152029037475586,4,0
1,11,tree_based_weighting,625,4,3,0.9095744680851063,0.6264834667069303,0.10624861717224121,0.012212991714477539,4,0
1,11,l1filter,625,4,3,0.9148936170212766,0.6301127214170693,0.0025043487548828125,0.010643482208251953,4,0
1,11,relieff,625,4,3,0.8031914893617021,0.5514507118399711,0.023616552352905273,0.010814428329467773,3,0
1,11,relieff_weighting,625,4,3,0.7712765957446809,0.5298051701007188,0.023616552352905273,0.012215614318847656,3,0
1,11,forward_selection,625,4,3,0.9148936170212766,0.6301127214170693,0.18938684463500977,0.010600090026855469,4,0
1,11,backwards_selection,625,4,3,0.8031914893617021,0.5514507118399711,0.06496238708496094,0.01071929931640625,3,0
1,11,stepwise_selection,625,4,3,0.9148936170212766,0.6301127214170693,0.044008493423461914,0.011519670486450195,4,0
1,11,bayesselection,625,4,3,0.9148936170212766,0.6301127214170693,1.4772672653198242,0.010791540145874023,4,49
1,11,bayeswweighting,625,4,3,0.9095744680851063,0.6247247247247247,4.028351068496704,0.012145757675170898,4,155
1,14,baseline,2000,76,10,0.775,0.7693153830917937,2.384185791015625e-07,0.06883955001831055,76,0
1,14,intercorrelation_filter,2000,76,10,0.775,0.7693153830917937,0.08310937881469727,0.09140205383300781,76,0
1,14,correlation_weighting,2000,76,10,0.8033333333333333,0.7993088466761307,0.08310937881469727,0.12706542015075684,76,0
1,14,tree_based_filter,2000,76,10,0.72,0.7124464951315964,0.6139795780181885,0.1044912338256836,38,0
1,14,tree_based_weighting,2000,76,10,0.7383333333333333,0.7379609506164948,0.6139795780181885,0.11671996116638184,38,0
1,14,l1filter,2000,76,10,0.785,0.7796571129818208,0.06024980545043945,0.058414459228515625,48,0
1,14,relieff,2000,76,10,0.7883333333333333,0.7826138487096036,0.25779056549072266,0.08284974098205566,57,0
1,14,relieff_weighting,2000,76,10,0.1,0.01818181818181818,0.25779056549072266,0.0989384651184082,57,0
1,14,forward_selection,2000,76,10,0.8083333333333333,0.8049857451597516,19.836134433746338,0.03745412826538086,12,0
1,14,backwards_selection,2000,76,10,0.7733333333333333,0.7681218296935095,15.761712074279785,0.07983613014221191,73,0
1,14,stepwise_selection,2000,76,10,0.8,0.796602506131254,15.628767013549805,0.07738399505615234,35,0
1,14,bayesselection,2000,76,10,0.7766666666666666,0.7749002082079643,128.2655107975006,0.09302783012390137,40,362
1,14,bayeswweighting,2000,76,10,0.8133333333333334,0.809171752887465,377.1975541114807,0.11014986038208008,76,901
1,15,baseline,683,9,2,0.9560975609756097,0.952277488942345,7.152557373046875e-07,0.012619256973266602,9,0
1,15,intercorrelation_filter,683,9,2,0.9512195121951219,0.9471322467505673,0.00478363037109375,0.011901140213012695,8,0
1,15,correlation_weighting,683,9,2,0.9512195121951219,0.9471322467505673,0.00478363037109375,0.014351844787597656,8,0
1,15,tree_based_filter,683,9,2,0.9365853658536586,0.9306441119063109,0.10260438919067383,0.011434078216552734,5,0
1,15,tree_based_weighting,683,9,2,0.9463414634146341,0.9416724864850883,0.10260438919067383,0.012714862823486328,5,0
1,15,l1filter,683,9,2,0.9512195121951219,0.9471322467505673,0.0033817291259765625,0.01107025146484375,8,0
1,15,relieff,683,9,2,0.9414634146341463,0.9361768368617684,0.02682971954345703,0.011319875717163086,6,0
1,15,relieff_weighting,683,9,2,0.9317073170731708,0.9259851454507944,0.02682971954345703,0.013333559036254883,6,0
1,15,forward_selection,683,9,2,0.9512195121951219,0.9471322467505673,0.26337409019470215,0.010934114456176758,2,0
1,15,backwards_selection,683,9,2,0.9463414634146341,0.9420144513872817,0.17126846313476562,0.011731386184692383,8,0
1,15,stepwise_selection,683,9,2,0.9219512195121952,0.9138112255623292,0.1702873706817627,0.01105046272277832,3,0
1,15,bayesselection,683,9,2,0.9463414634146341,0.9420144513872817,5.8818323612213135,0.011222600936889648,5,14
1,15,bayeswweighting,683,9,2,0.9512195121951219,0.9468140307181403,16.476514101028442,0.014386415481567383,9,5
1,16,baseline,2000,64,10,0.9033333333333333,0.8994966283178861,4.76837158203125e-07,0.06983089447021484,64,0
1,16,intercorrelation_filter,2000,64,10,0.9033333333333333,0.8994966283178861,0.06681966781616211,0.08674740791320801,64,0
1,16,correlation_weighting,2000,64,10,0.8616666666666667,0.8551323867798377,0.06681966781616211,0.12891864776611328,64,0
1,16,tree_based_filter,2000,64,10,0.8533333333333334,0.8495587538763886,0.5857028961181641,0.06975984573364258,32,0
1,16,tree_based_weighting,2000,64,10,0.8733333333333333,0.870046757713627,0.5857028961181641,0.10870981216430664,32,0
1,16,l1filter,2000,64,10,0.9166666666666666,0.9131495455003403,0.0559391975402832,0.0670318603515625,56,0
1,16,relieff,2000,64,10,0.9183333333333333,0.9144148283217571,0.22353458404541016,0.08173298835754395,48,0
1,16,relieff_weighting,2000,64,10,0.08833333333333333,0.016232771822358348,0.22353458404541016,0.11471199989318848,48,0
1,16,forward_selection,2000,64,10,0.8833333333333333,0.8827612894487767,12.497636556625366,0.03498959541320801,9,0
1,16,backwards_selection,2000,64,10,0.9083333333333333,0.9048209037732355,6.82100248336792,0.07993054389953613,63,0
1,16,stepwise_selection,2000,64,10,0.905,0.9028171064563925,9.74139666557312,0.08994126319885254,34,0
1,16,bayesselection,2000,64,10,0.8966666666666666,0.8933756128673591,112.41111660003662,0.07307720184326172,35,340
1,16,bayeswweighting,2000,64,10,0.92,0.9173784027671401,331.6439380645752,0.1082005500793457,64,754
1,18,baseline,2000,6,10,0.7116666666666667,0.7007687329481145,4.76837158203125e-07,0.02402019500732422,6,0
1,18,intercorrelation_filter,2000,6,10,0.7033333333333334,0.6903493650456876,0.004375457763671875,0.021653175354003906,4,0
1,18,correlation_weighting,2000,6,10,0.6983333333333334,0.6838824951865592,0.004375457763671875,0.02525639533996582,4,0
1,18,tree_based_filter,2000,6,10,0.65,0.6309253722363712,0.19059085845947266,0.02150249481201172,3,0
1,18,tree_based_weighting,2000,6,10,0.6716666666666666,0.656438753926717,0.19059085845947266,0.0221102237701416,3,0
1,18,l1filter,2000,6,10,0.7116666666666667,0.7007687329481145,0.009013652801513672,0.021253108978271484,6,0
1,18,relieff,2000,6,10,0.695,0.6816353768865172,0.0751333236694336,0.022634267807006836,4,0
1,18,relieff_weighting,2000,6,10,0.695,0.6816353768865172,0.0751333236694336,0.02315044403076172,4,0
1,18,forward_selection,2000,6,10,0.7033333333333334,0.6957563321091615,0.5673816204071045,0.02309560775756836,5,0
1,18,backwards_selection,2000,6,10,0.7,0.6937811159478257,0.1758561134338379,0.022414207458496094,5,0
1,18,stepwise_selection,2000,6,10,0.6966666666666667,0.6900375665732084,0.1911942958831787,0.021450281143188477,4,0
1,18,bayesselection,2000,6,10,0.7033333333333334,0.6903493650456876,3.7244763374328613,0.022286176681518555,4,9
1,18,bayeswweighting,2000,6,10,0.705,0.6978367725198769,9.960864543914795,0.0245211124420166,6,220
1,22,baseline,2000,47,10,0.7683333333333333,0.7543355905653876,7.152557373046875e-07,0.07543015480041504,47,0
1,22,intercorrelation_filter,2000,47,10,0.7716666666666666,0.7599740562481733,0.046143293380737305,0.08428287506103516,28,0
1,22,correlation_weighting,2000,47,10,0.7416666666666667,0.7243787721830903,0.046143293380737305,0.12495803833007812,28,0
1,22,tree_based_filter,2000,47,10,0.6816666666666666,0.6696119561154988,0.5188024044036865,0.08271145820617676,23,0
1,22,tree_based_weighting,2000,47,10,0.7,0.6930101980496783,0.5188024044036865,0.11154294013977051,23,0
1,22,l1filter,2000,47,10,0.785,0.7723921508970908,0.11147308349609375,0.08823990821838379,40,0
1,22,relieff,2000,47,10,0.7566666666666667,0.7459373641249888,0.17620420455932617,0.0898587703704834,35,0
1,22,relieff_weighting,2000,47,10,0.7616666666666667,0.7510362015441658,0.17620420455932617,0.12116050720214844,35,0
1,22,forward_selection,2000,47,10,0.7683333333333333,0.7566378647662103,11.063815593719482,0.032915592193603516,11,0
1,22,backwards_selection,2000,47,10,0.7766666666666666,0.7623016394227842,6.754091739654541,0.07617330551147461,45,0
1,22,stepwise_selection,2000,47,10,0.7683333333333333,0.7538501506286789,6.9571311473846436,0.08555912971496582,25,0
1,22,bayesselection,2000,47,10,0.7883333333333333,0.7694995207772163,91.96523809432983,0.09419107437133789,24,114
1,22,bayeswweighting,2000,47,10,0.785,0.7703523904808296,264.02619552612305,0.10872006416320801,47,931
1,23,baseline,1473,9,3,0.5090497737556561,0.4914597469944304,2.384185791015625e-07,0.02378678321838379,9,0
1,23,intercorrelation_filter,1473,9,3,0.5090497737556561,0.4914597469944304,0.005052089691162109,0.02619767189025879,9,0
1,23,correlation_weighting,1473,9,3,0.502262443438914,0.47365261566563666,0.005052089691162109,0.02476644515991211,9,0
1,23,tree_based_filter,1473,9,3,0.4751131221719457,0.44487507926503556,0.15030169486999512,0.020431995391845703,5,0
1,23,tree_based_weighting,1473,9,3,0.46153846153846156,0.42463232997213574,0.15030169486999512,0.0191195011138916,5,0
1,23,l1filter,1473,9,3,0.5565610859728507,0.5304061091986788,0.0032715797424316406,0.021222829818725586,6,0
1,23,relieff,1473,9,3,0.5565610859728507,0.5326683168003113,0.058807373046875,0.020046710968017578,6,0
1,23,relieff_weighting,1473,9,3,0.5610859728506787,0.5240670996852428,0.058807373046875,0.020770549774169922,6,0
1,23,forward_selection,1473,9,3,0.3733031674208145,0.2703606433096876,0.22825837135314941,0.01942729949951172,1,0
1,23,backwards_selection,1473,9,3,0.4819004524886878,0.4590063864057598,0.4479250907897949,0.02072453498840332,6,0
1,23,stepwise_selection,1473,9,3,0.49321266968325794,0.46905683235544976,0.37688207626342773,0.021302461624145508,6,0
1,23,bayesselection,1473,9,3,0.5271493212669683,0.49213774968030116,6.884606122970581,0.017466068267822266,3,170
1,23,bayeswweighting,1473,9,3,0.5475113122171946,0.5154977004168771,18.752991676330566,0.023235559463500977,9,414
1,28,baseline,5620,64,10,0.950207468879668,0.9497974170015043,7.152557373046875e-07,0.23632526397705078,64,0
1,28,intercorrelation_filter,5620,64,10,0.950207468879668,0.9498292943548219,0.10571742057800293,0.24265265464782715,63,0
1,28,correlation_weighting,5620,64,10,0.915826911677534,0.9149384741836574,0.10571742057800293,0.2732253074645996,63,0
1,28,tree_based_filter,5620,64,10,0.8802608180201541,0.8789257814990299,0.4786057472229004,0.22466039657592773,32,0
1,28,tree_based_weighting,5620,64,10,0.8879668049792531,0.8862714325794638,0.4786057472229004,0.22861719131469727,32,0
1,28,l1filter,5620,64,10,0.9549496147006521,0.954559670220313,0.3993706703186035,0.22518444061279297,52,0
1,28,relieff,5620,64,10,0.9146413752222881,0.9142113513658238,1.0869009494781494,0.23787879943847656,48,0
1,28,relieff_weighting,5620,64,10,0.8915234143449912,0.8907851354639196,1.0869009494781494,0.26149964332580566,48,0
1,28,forward_selection,5620,64,10,0.9110847658565501,0.9100385534163168,48.745893239974976,0.13640975952148438,11,0
1,28,backwards_selection,5620,64,10,0.950800237107291,0.9503857701432243,19.74471402168274,0.2516355514526367,63,0
1,28,stepwise_selection,5620,64,10,0.9235328986366331,0.922896705378134,29.127466440200806,0.2526357173919678,34,0
1,28,bayesselection,5620,64,10,0.9377593360995851,0.9371632137285099,140.29047989845276,0.22739100456237793,30,392
1,28,bayeswweighting,5620,64,10,0.9531713100177831,0.9527434113222881,398.2993760108948,0.2734549045562744,64,638
1,29,baseline,653,15,2,0.8469387755102041,0.8427471116816432,4.76837158203125e-07,0.013842582702636719,15,0
1,29,intercorrelation_filter,653,15,2,0.8520408163265306,0.8477241674926996,0.0066182613372802734,0.013017416000366211,14,0
1,29,correlation_weighting,653,15,2,0.9081632653061225,0.9071969696969697,0.0066182613372802734,0.01661849021911621,14,0
1,29,tree_based_filter,653,15,2,0.7142857142857143,0.710640092797638,0.11674880981445312,0.012526750564575195,7,0
1,29,tree_based_weighting,653,15,2,0.7193877551020408,0.7139597208586514,0.11674880981445312,0.013875246047973633,7,0
1,29,l1filter,653,15,2,0.8775510204081632,0.8756871035940803,0.002573251724243164,0.01189279556274414,4,0
1,29,relieff,653,15,2,0.9030612244897959,0.9011860853875342,0.028712034225463867,0.012022733688354492,11,0
1,29,relieff_weighting,653,15,2,0.9030612244897959,0.9017077097685222,0.028712034225463867,0.015578985214233398,11,0
1,29,forward_selection,653,15,2,0.9030612244897959,0.9027549288418855,0.2956430912017822,0.011134862899780273,1,0
1,29,backwards_selection,653,15,2,0.9030612244897959,0.9014580191050778,0.4118955135345459,0.012555122375488281,13,0
1,29,stepwise_selection,653,15,2,0.8622448979591837,0.8599666587282686,0.4387850761413574,0.011983633041381836,9,0
1,29,bayesselection,653,15,2,0.9081632653061225,0.9071969696969697,16.033405780792236,0.013219118118286133,10,254
1,29,bayeswweighting,653,15,2,0.8979591836734694,0.8972746331236898,45.48540472984314,0.017886638641357422,15,459
1,31,baseline,1000,20,2,0.7766666666666666,0.6296910407339855,2.384185791015625e-07,0.036218881607055664,20,0
1,31,intercorrelation_filter,1000,20,2,0.7766666666666666,0.6296910407339855,0.018612146377563477,0.08029913902282715,20,0
1,31,correlation_weighting,1000,20,2,0.77,0.6919597017812765,0.018612146377563477,0.07287406921386719,20,0
1,31,tree_based_filter,1000,20,2,0.7133333333333334,0.4920859910229152,0.17471647262573242,0.01817941665649414,10,0
1,31,tree_based_weighting,1000,20,2,0.73,0.5523130492455646,0.17471647262573242,0.017893552780151367,10,0
1,31,l1filter,1000,20,2,0.7566666666666667,0.6474054515303247,0.0026874542236328125,0.016446352005004883,7,0
1,31,relieff,1000,20,2,0.7366666666666667,0.5507194176413717,0.04702329635620117,0.01601552963256836,15,0
1,31,relieff_weighting,1000,20,2,0.73,0.5393452256829254,0.04702329635620117,0.023966550827026367,15,0
1,31,forward_selection,1000,20,2,0.7166666666666667,0.5937873357228196,0.9102704524993896,0.013727664947509766,3,0
1,31,backwards_selection,1000,20,2,0.7566666666666667,0.5965290443818051,0.9386708736419678,0.04017782211303711,17,0
1,31,stepwise_selection,1000,20,2,0.7466666666666667,0.6268412438625205,0.5194261074066162,0.014983415603637695,11,0
1,31,bayesselection,1000,20,2,0.7533333333333333,0.6282901346192485,29.691105127334595,0.017120361328125,11,290
1,31,bayeswweighting,1000,20,2,0.7666666666666667,0.6563011456628478,88.4552960395813,0.0580596923828125,20,878
1,32,baseline,10992,16,10,0.9651303820497271,0.9652724869498183,4.76837158203125e-07,0.7362060546875,16,0
1,32,intercorrelation_filter,10992,16,10,0.9651303820497271,0.9652724869498183,0.019183635711669922,0.7146956920623779,16,0
1,32,correlation_weighting,10992,16,10,0.9326864766525167,0.9327223705272314,0.019183635711669922,0.7323038578033447,16,0
1,32,tree_based_filter,10992,16,10,0.8450576106731352,0.845519632046457,0.8097507953643799,0.14144611358642578,8,0
1,32,tree_based_weighting,10992,16,10,0.8520315342631898,0.8515568223476061,0.8097507953643799,0.11540055274963379,8,0
1,32,l1filter,10992,16,10,0.9651303820497271,0.9652724869498183,0.9560167789459229,0.7332253456115723,16,0
1,32,relieff,10992,16,10,0.9581564584596726,0.958386480996481,0.6494266986846924,0.14311766624450684,12,0
1,32,relieff_weighting,10992,16,10,0.9439053972104305,0.9439809053603533,0.6494266986846924,0.16791582107543945,12,0
1,32,forward_selection,10992,16,10,0.9299575500303214,0.9292329764257646,11.424113750457764,0.12868618965148926,8,0
1,32,backwards_selection,10992,16,10,0.9633110976349303,0.9632360693840635,4.286211729049683,0.17119812965393066,15,0
1,32,stepwise_selection,10992,16,10,0.9393571861734384,0.9382419883219987,4.826643228530884,0.18481135368347168,10,0
1,32,bayesselection,10992,16,10,0.9633110976349303,0.9632360693840635,66.39069771766663,0.30638790130615234,15,216
1,32,bayeswweighting,10992,16,10,0.9690721649484536,0.9690285515994581,343.40457582473755,0.672471284866333,16,360
1,37,baseline,768,8,2,0.7619047619047619,0.7192947570756281,7.152557373046875e-07,0.013630390167236328,8,0
1,37,intercorrelation_filter,768,8,2,0.7619047619047619,0.7192947570756281,0.004349231719970703,0.013453960418701172,8,0
1,37,correlation_weighting,768,8,2,0.7662337662337663,0.7370129870129871,0.004349231719970703,0.014746904373168945,8,0
1,37,tree_based_filter,768,8,2,0.7662337662337663,0.7210144927536233,0.12572741508483887,0.01253056526184082,4,0
1,37,tree_based_weighting,768,8,2,0.7792207792207793,0.7436962906559339,0.12572741508483887,0.013485908508300781,4,0
1,37,l1filter,768,8,2,0.8095238095238095,0.7780398322851152,0.00250244140625,0.01622605323791504,4,0
1,37,relieff,768,8,2,0.7619047619047619,0.7256235827664399,0.03270769119262695,0.012286663055419922,6,0
1,37,relieff_weighting,768,8,2,0.670995670995671,0.5853174603174603,0.03270769119262695,0.01398777961730957,6,0
1,37,forward_selection,768,8,2,0.7359307359307359,0.6861482949863019,0.15439414978027344,0.01164865493774414,1,0
1,37,backwards_selection,768,8,2,0.7748917748917749,0.7483660130718954,0.3050968647003174,0.0123291015625,4,0
1,37,stepwise_selection,768,8,2,0.7662337662337663,0.7315803064210709,0.15813684463500977,0.011527299880981445,3,0
1,37,bayesselection,768,8,2,0.7748917748917749,0.7483660130718954,4.967920780181885,0.011963129043579102,4,19
1,37,bayeswweighting,768,8,2,0.7619047619047619,0.739315099411125,13.28824520111084,0.01476430892944336,8,347
1,43,baseline,4601,57,2,0.8841419261404779,0.8770805518469069,2.384185791015625e-07,0.18311190605163574,57,0
1,43,intercorrelation_filter,4601,57,2,0.8841419261404779,0.8770805518469069,0.07259130477905273,0.18020129203796387,57,0
1,43,correlation_weighting,4601,57,2,0.8747284576393918,0.8664413791175772,0.07259130477905273,0.24132680892944336,57,0
1,43,tree_based_filter,4601,57,2,0.8602461984069515,0.8539837238031845,0.38858556747436523,0.16958117485046387,28,0
1,43,tree_based_weighting,4601,57,2,0.8624185372918175,0.8554605387825611,0.38858556747436523,0.2032315731048584,28,0
1,43,l1filter,4601,57,2,0.887762490948588,0.881394267717443,0.01673269271850586,0.20407724380493164,39,0
1,43,relieff,4601,57,2,0.8522809558291093,0.8436201108387509,0.5960187911987305,0.17412209510803223,42,0
1,43,relieff_weighting,4601,57,2,0.8559015206372194,0.8473978071892431,0.5960187911987305,0.17934274673461914,42,0
1,43,forward_selection,4601,57,2,0.8797972483707458,0.8748340190965398,14.013676404953003,0.0763850212097168,4,0
1,43,backwards_selection,4601,57,2,0.8855901520637219,0.8788822427084443,14.372476816177368,0.18581175804138184,56,0
1,43,stepwise_selection,4601,57,2,0.8522809558291093,0.8456130890534372,14.8721284866333,0.18044114112854004,27,0
1,43,bayesselection,4601,57,2,0.9007965242577842,0.8966067118172424,123.01945662498474,0.19373202323913574,35,218
1,43,bayeswweighting,4601,57,2,0.9058653149891384,0.9011045791670156,347.0777471065521,0.20667386054992676,57,907
1,45,baseline,3190,60,3,0.831765935214211,0.8107013314421474,4.76837158203125e-07,0.12827587127685547,60,0
1,45,intercorrelation_filter,3190,60,3,0.831765935214211,0.8107013314421474,0.06151247024536133,0.12688994407653809,60,0
1,45,correlation_weighting,3190,60,3,0.8735632183908046,0.8601100756598866,0.06151247024536133,0.1618361473083496,60,0
1,45,tree_based_filter,3190,60,3,0.7366771159874608,0.6999245171100249,0.25411534309387207,0.13088250160217285,30,0
1,45,tree_based_weighting,3190,60,3,0.7847439916405433,0.7528706033166467,0.25411534309387207,0.15709924697875977,30,0
1,45,l1filter,3190,60,3,0.8411703239289446,0.8226637347054203,0.019629955291748047,0.14398598670959473,32,0
1,45,relieff,3190,60,3,0.845350052246604,0.8262634406636328,0.4311075210571289,0.13965940475463867,45,0
1,45,relieff_weighting,3190,60,3,0.8411703239289446,0.8188259390481596,0.4311075210571289,0.11849808692932129,45,0
1,45,forward_selection,3190,60,3,0.8349007314524556,0.8225715752086296,7.871191740036011,0.039144277572631836,4,0
1,45,backwards_selection,3190,60,3,0.8380355276907001,0.8168697016999529,11.045353651046753,0.13805580139160156,59,0
1,45,stepwise_selection,3190,60,3,0.8432601880877743,0.8250848155027715,26.632993936538696,0.1351635456085205,32,0
1,45,bayesselection,3190,60,3,0.8537095088819227,0.8309717890791752,114.85718727111816,0.11990976333618164,39,329
1,45,bayeswweighting,3190,60,3,0.8495297805642633,0.8300993648014021,334.1901361942291,0.15967679023742676,60,575
1,49,baseline,958,9,2,0.7118055555555556,0.5491087428086391,2.384185791015625e-07,0.01709723472595215,9,0
1,49,intercorrelation_filter,958,9,2,0.7118055555555556,0.5491087428086391,0.0047206878662109375,0.016479015350341797,9,0
1,49,correlation_weighting,958,9,2,0.7708333333333334,0.7121918720852765,0.0047206878662109375,0.01874065399169922,9,0
1,49,tree_based_filter,958,9,2,0.6631944444444444,0.5488299229638721,0.11962628364562988,0.014681577682495117,4,0
1,49,tree_based_weighting,958,9,2,0.65625,0.5395274471486942,0.11962628364562988,0.015779733657836914,4,0
1,49,l1filter,958,9,2,0.7152777777777778,0.653012048192771,0.0026166439056396484,0.014059066772460938,3,0
1,49,relieff,958,9,2,0.7604166666666666,0.6760088041085841,0.0407719612121582,0.014829397201538086,6,0
1,49,relieff_weighting,958,9,2,0.7881944444444444,0.72142143570715,0.0407719612121582,0.016445159912109375,6,0
1,49,forward_selection,958,9,2,0.7048611111111112,0.6488762030436466,0.39085841178894043,0.013196229934692383,3,0
1,49,backwards_selection,958,9,2,0.7673611111111112,0.6823337668537937,0.2001495361328125,0.015889406204223633,8,0
1,49,stepwise_selection,958,9,2,0.7222222222222222,0.6590101823348331,0.3146085739135742,0.01315617561340332,4,0
1,49,bayesselection,958,9,2,0.7673611111111112,0.6823337668537937,6.089495420455933,0.015393972396850586,8,124
1,49,bayeswweighting,958,9,2,0.7881944444444444,0.7329401213079367,16.945367574691772,0.017966270446777344,9,198
1,53,baseline,846,18,4,0.7007874015748031,0.6988428284699707,2.384185791015625e-07,0.033184051513671875,18,0
1,53,intercorrelation_filter,846,18,4,0.6417322834645669,0.6415454184182348,0.016961336135864258,0.05217623710632324,8,0
1,53,correlation_weighting,846,18,4,0.5748031496062992,0.5651678168796768,0.016961336135864258,0.015552520751953125,8,0
1,53,tree_based_filter,846,18,4,0.6023622047244095,0.6065397184186776,0.14969134330749512,0.014188289642333984,9,0
1,53,tree_based_weighting,846,18,4,0.6653543307086615,0.666248271186851,0.14969134330749512,0.0163724422454834,9,0
1,53,l1filter,846,18,4,0.6614173228346457,0.6598723992021628,0.0036542415618896484,0.014463186264038086,11,0
1,53,relieff,846,18,4,0.6732283464566929,0.6772338217904427,0.035544633865356445,0.014965534210205078,13,0
1,53,relieff_weighting,846,18,4,0.6929133858267716,0.6893275602924096,0.035544633865356445,0.01763916015625,13,0
1,53,forward_selection,846,18,4,0.6692913385826772,0.6653680815724481,0.9190042018890381,0.012638568878173828,4,0
1,53,backwards_selection,846,18,4,0.6535433070866141,0.6573034777170514,0.5886845588684082,0.03438425064086914,16,0
1,53,stepwise_selection,846,18,4,0.6653543307086615,0.6592568473444327,0.6064982414245605,0.014902353286743164,9,0
1,53,bayesselection,846,18,4,0.6614173228346457,0.6612052782717607,22.823198795318604,0.014498233795166016,11,333
1,53,bayeswweighting,846,18,4,0.7165354330708661,0.7143656716417911,68.48061680793762,0.02895808219909668,18,889
1,2074,baseline,6430,36,6,0.880248833592535,0.8517339551437972,7.152557373046875e-07,0.29228687286376953,36,0
1,2074,intercorrelation_filter,6430,36,6,0.8512182477967859,0.8208866288396474,0.045273780822753906,0.10476088523864746,10,0
1,2074,correlation_weighting,6430,36,6,0.8351477449455676,0.8034601108003413,0.045273780822753906,0.09105300903320312,10,0
1,2074,tree_based_filter,6430,36,6,0.8304821150855366,0.8070004284846523,0.7058315277099609,0.26451754570007324,18,0
1,2074,tree_based_weighting,6430,36,6,0.8304821150855366,0.8035435188057373,0.7058315277099609,0.29154062271118164,18,0
1,2074,l1filter,6430,36,6,0.8786936236391913,0.8481954260431094,0.5662682056427002,0.27057814598083496,35,0
1,2074,relieff,6430,36,6,0.8766200103680664,0.8458426768685688,0.5286397933959961,0.25926780700683594,27,0
1,2074,relieff_weighting,6430,36,6,0.8548470710212546,0.8179799681337903,0.5286397933959961,0.26186251640319824,27,0
1,2074,forward_selection,6430,36,6,0.8548470710212546,0.8139258627860034,6.215235948562622,0.06276869773864746,3,0
1,2074,backwards_selection,6430,36,6,,,,,,0
1,2074,stepwise_selection,6430,36,6,,,,,,0
1,2074,bayesselection,6430,36,6,,,,,,0
1,2074,bayeswweighting,6430,36,6,,,,,,0
